Datetime,Temperature,Apparent Temperature,Cloud Cover,Dew Point,DHI,DNI,Solar Zenith Angle,GHI,Pod,Precipitation,Pressure,Relative Humidity,Sea Level Pressure,Snow Depth,Solar Radiation,Visibility,Weather Description,Weather Code,Weather Icon,Wind Direction,Wind Gust Speed,Wind Speed
2022-03-01T00:00:00,-5,-7.6,100,-6.1,0,0,-45.2,0,n,0,880,92,1016,0,0,8,Overcast clouds,804,c04n,115,3.2,1.6
2022-03-01T01:00:00,-4,-7.1,100,-6.1,0,0,-46.2,0,n,0.5,881,85,1015,12.5,0,6,Light snow,600,s01n,155,4,2
2022-03-01T02:00:00,-5,-7.5,100,-7.1,0,0,-43.8,0,n,0,881,85,1015,0,0,11,Overcast clouds,804,c04n,190,4.4,1.5
2022-03-01T03:00:00,-6,-9.6,75,-7.1,0,0,-38.5,0,n,0,880,92,1016,0,0,4,Overcast clouds,804,c04n,170,4.4,2.1
2022-03-01T04:00:00,-6,-11.7,75,-7.1,0,0,-31.1,0,n,0,880,92,1015,0,0,4,Overcast clouds,804,c04n,190,4.4,4.1
2022-03-01T05:00:00,-6,-9.6,75,-7.1,0,0,-22.5,0,n,0.5,879,92,1015,12.5,0,6,Light snow,600,s01n,190,4.4,2.1
2022-03-01T06:00:00,-6,-10.8,75,-7.1,0,0,-13.3,0,n,0,879,92,1015,0,0,4,Overcast clouds,804,c04n,180,4.4,3.1
2022-03-01T07:00:00,-6,-11.3,75,-7.1,0,0,-3.8,0,n,0,878,92,1015,0,0,2,Haze,721,a03n,120,3.6,3.6
2022-03-01T08:00:00,-6,-11.3,100,-7.1,37,331,5.3,58,d,0,878,92,1015,0,43,1,Haze,721,a03d,190,3.6,3.6
2022-03-01T09:00:00,-5,-10.5,100,-6.1,64,596,13.9,200,d,0,879,92,1015,0,84,0,Haze,721,a03d,210,4.1,4.1
2022-03-01T10:00:00,-3,-7.2,100,-4.1,80,719,21.4,335,d,0,879,92,1014,0,114,4,Overcast clouds,804,c04d,180,4,3.1
2022-03-01T11:00:00,-1,-4.8,45,-4,89,784,27.2,441,d,0,879,80,1014,0,415,4,Broken clouds,803,c03d,180,4,3.1
2022-03-01T12:00:00,1,-2.8,45,-3.1,94,816,30.8,506,d,0,880,74,1014,0,476,6,Broken clouds,803,c03d,180,5.6,3.6
2022-03-01T13:00:00,5,1.5,45,-2.1,96,823,31.6,521,d,0,881,60,1013,0,490,16,Broken clouds,803,c03d,190,7.6,4.6
2022-03-01T14:00:00,8,8,25,0.7,93,807,29.7,487,d,0,883,60,1013,0,483,11,Scattered clouds,802,c02d,210,10,3.6
2022-03-01T15:00:00,10,10,25,-6.3,86,764,25.2,405,d,0,884,31,1012,0,402,16,Scattered clouds,802,c02d,290,10,8.2
2022-03-01T16:00:00,12,12,45,-6.4,75,681,18.7,286,d,0,886,27,1013,0,269,13,Broken clouds,803,c03d,300,8.2,8.2
2022-03-01T17:00:00,-1,-4.8,45,-3,55,522,10.8,145,d,0,887,86,1016,0,136,1,Haze,721,a03d,50,4,3.1
2022-03-01T18:00:00,-1.5,-4.9,100,-3.1,19,131,1.9,15,d,0,883,89,1017,0,21,1,Haze,721,a03n,110,3.2,2.6
2022-03-01T19:00:00,-2,-4.9,94,-3.1,0,0,-7.4,0,n,0,890,92,1018,0,0,1,Haze,721,a03n,170,3.2,2.1
2022-03-01T20:00:00,-3,-8.4,75,-3,0,0,-16.7,0,n,0,883,100,1019,0,0,0,Fog,741,a05n,90,4.6,4.6
2022-03-01T21:00:00,-4,-10.4,100,-4,0,0,-25.8,0,n,0,883,100,1020,0,0,0,Fog,741,a05n,60,5.7,5.7
2022-03-01T22:00:00,-5,-11.2,100,-6.1,0,0,-33.9,0,n,0,883,92,1021,0,0,0,Haze,721,a03n,50,5.1,5.1
2022-03-01T23:00:00,-5,-10.1,100,-6.1,0,0,-40.6,0,n,0,894,92,1022,0,0,0,Haze,721,a03n,60,4.4,3.6
2022-03-02T00:00:00,-5,-10.1,100,-6.1,0,0,-44.8,0,n,0,894,92,1021,0,0,0,Haze,721,a03n,50,3.6,3.6
2022-03-02T01:00:00,-6,-10.3,100,-7.1,0,0,-45.8,0,n,0,885,92,1021,0,0,1,Haze,721,a03n,90,3.6,2.6
2022-03-02T02:00:00,-7,-11.4,100,-7,0,0,-43.4,0,n,0,885,100,1021,0,0,1,Fog,741,a05n,100,3.6,2.6
2022-03-02T03:00:00,-7,-12,100,-7,0,0,-38.1,0,n,0,885,100,1021,0,0,1,Fog,741,a05n,90,3.6,3.1
2022-03-02T04:00:00,-7,-12.5,100,-8.1,0,0,-30.8,0,n,0,885,92,1022,0,0,1,Haze,721,a03n,120,4.4,3.6
2022-03-02T05:00:00,-7,-12.5,100,-8.1,0,0,-22.2,0,n,0,885,92,1024,0,0,2,Haze,721,a03n,90,4.8,3.6
2022-03-02T06:00:00,-7,-12,100,-8.1,0,0,-12.9,0,n,0.25,886,92,1024,6.25,0,1,Flurries,623,s06n,110,4.8,3.1
2022-03-02T07:00:00,-7,-12,100,-8.1,0,0,-3.5,0,n,0,886,92,1025,0,0,1,Haze,721,a03n,120,4.8,3.1
2022-03-02T08:00:00,-7,-12,100,-8.1,38,346,5.7,63,d,0,886,92,1025,0,44,1,Haze,721,a03d,100,5.2,3.1
2022-03-02T09:00:00,-7,-12,100,-8.1,65,603,14.3,206,d,0,887,92,1026,0,86,1,Haze,721,a03d,120,5.6,3.1
2022-03-02T10:00:00,-6,-9.6,100,-7.1,80,723,21.7,342,d,0,885,92,1026,0,114,4,Overcast clouds,804,c04d,140,6.4,2.1
2022-03-02T11:00:00,-6,-10.3,100,-7.1,90,787,27.6,448,d,0,887,92,1026,0,135,2,Haze,721,a03d,130,6.4,2.6
2022-03-02T12:00:00,-6,-11.3,100,-7.1,95,819,31.1,512,d,0,888,92,1026,0,146,1,Haze,721,a03d,150,6,3.6
2022-03-02T13:00:00,-6,-11.3,100,-7.1,96,826,32,528,d,0,888,92,1026,0,149,1,Haze,721,a03d,140,6,3.6
2022-03-02T14:00:00,-6,-11.3,100,-7.1,93,810,30.1,493,d,0,887,92,1025,0,142,1,Haze,721,a03d,130,6.4,3.6
2022-03-02T15:00:00,-7,-12.5,100,-8.1,87,767,25.5,411,d,0,887,92,1025,0,128,1,Haze,721,a03d,140,6.8,3.6
2022-03-02T16:00:00,-7,-12.5,100,-8.1,75,685,19,292,d,0,886,92,1026,0,104,1,Haze,721,a03d,130,7.2,3.6
2022-03-02T17:00:00,-7,-12.5,100,-8.1,56,529,11.1,149,d,0,886,92,1026,0,71,1,Haze,721,a03d,130,6.8,3.6
2022-03-02T18:00:00,-7,-12.5,100,-8.1,21,150,2.2,18,d,0,886,92,1026,0,23,0,Haze,721,a03n,120,6,3.6
2022-03-02T19:00:00,-7,-13.4,100,-9.1,0,0,-7.1,0,n,0,886,85,1025,0,0,1,Haze,721,a03n,130,6,4.6
2022-03-02T20:00:00,-8,-12.6,100,-9.1,0,0,-16.5,0,n,0,897,92,1026,0,0,0,Haze,721,a03n,120,6.4,2.6
2022-03-02T21:00:00,-8,-12.6,100,-9.1,0,0,-25.5,0,n,0,886,92,1025,0,0,1,Haze,721,a03n,130,6,2.6
2022-03-02T22:00:00,-8,-12.6,100,-9.1,0,0,-33.6,0,n,0,886,92,1025,0,0,0,Haze,721,a03n,160,5.6,2.6
2022-03-02T23:00:00,-8,-13.2,100,-9.1,0,0,-40.2,0,n,0,886,92,1025,0,0,0,Haze,721,a03n,120,5.2,3.1
2022-03-03T00:00:00,-8,-13.2,100,-9.1,0,0,-44.4,0,n,0,886,92,1025,0,0,0,Haze,721,a03n,120,4.4,3.1
2022-03-03T01:00:00,-8,-12.6,100,-9.1,0,0,-45.4,0,n,0,885,92,1025,0,0,0,Haze,721,a03n,120,4.4,2.6
2022-03-03T02:00:00,-8,-11.9,100,-9.1,0,0,-43,0,n,0,886,92,1025,0,0,0,Haze,721,a03n,150,4.4,2.1
2022-03-03T03:00:00,-8,-11.9,100,-9.1,0,0,-37.7,0,n,0,886,92,1025,0,0,0,Haze,721,a03n,140,4,2.1
2022-03-03T04:00:00,-8,-11.9,100,-9.1,0,0,-30.4,0,n,0,885,92,1024,0,0,1,Haze,721,a03n,110,4,2.1
2022-03-03T05:00:00,-8,-11.9,100,-9.1,0,0,-21.8,0,n,0.25,885,92,1024,7.5,0,2,Flurries,623,s06n,80,3.6,2.1
2022-03-03T06:00:00,-8,-12.6,100,-9.1,0,0,-12.6,0,n,0.5,885,92,1024,15,0,4,Light snow,600,s01n,110,3.2,2.6
2022-03-03T07:00:00,-8,-11.9,100,-9.1,0,0,-3.2,0,n,0.25,884,92,1024,7.5,0,3,Flurries,623,s06n,130,2.8,2.1
2022-03-03T08:00:00,-8,-9.1,100,-9.1,39,361,6,68,d,0.5,884,92,1024,15,46,3,Light snow,600,s01d,115,3.2,0.8
2022-03-03T09:00:00,-8,-12.6,100,-9.1,65,610,14.6,212,d,0.5,884,92,1023,15,86,4,Light snow,600,s01d,100,3.6,2.6
2022-03-03T10:00:00,-8,-10.9,100,-9.1,81,727,22.1,348,d,0.5,884,92,1023,15,116,3,Light snow,600,s01d,100,4,1.5
2022-03-03T11:00:00,-8,-11.9,100,-9.1,90,790,27.9,455,d,0.5,884,92,1023,15,136,4,Light snow,600,s01d,70,4.4,2.1
2022-03-03T12:00:00,-7,-10.8,100,-8.1,95,821,31.5,519,d,0,884,92,1022,0,147,6,Overcast clouds,804,c04d,60,5.2,2.1
2022-03-03T13:00:00,-7,-11.4,100,-8.1,97,828,32.4,534,d,0,883,92,1022,0,150,6,Overcast clouds,804,c04d,40,5.2,2.6
2022-03-03T14:00:00,-7,-12.5,100,-8.1,94,812,30.4,499,d,0.5,883,92,1021,12.5,144,6,Light snow,600,s01d,60,5.2,3.6
2022-03-03T15:00:00,-7,-13,100,-8.1,87,770,25.9,417,d,0.5,883,92,1021,12.5,129,2,Light snow,600,s01d,40,5.2,4.1
2022-03-03T16:00:00,-8,-14.2,100,-9.1,76,690,19.3,297,d,0.25,882,92,1021,7.5,106,1,Flurries,623,s06d,50,5.6,4.1
2022-03-03T17:00:00,-9,-14.4,100,-10.1,57,536,11.3,154,d,0.25,892,92,1021,7.5,72,11,Flurries,623,s06d,10,5.6,3.1
2022-03-03T18:00:00,-9,-15,75,-10.1,22,168,2.5,21,d,0.5,881,92,1021,15,36,11,Light snow,600,s01n,10,5.6,3.6
2022-03-03T19:00:00,-9,-13.8,75,-10.1,0,0,-6.8,0,n,1.25,881,92,1022,37.5,0,3,Light snow,600,s01n,360,4,2.6
2022-03-03T20:00:00,-9,-15,100,-10.1,0,0,-16.2,0,n,0.5,882,92,1021,15,0,2,Light snow,600,s01n,350,4,3.6
2022-03-03T21:00:00,-9,-16.2,100,-10.1,0,0,-25.2,0,n,0,882,92,1021,0,0,2,Haze,721,a03n,10,5.1,5.1
2022-03-03T22:00:00,-9,-15,100,-10.1,0,0,-33.3,0,n,0,881,92,1021,0,0,3,Overcast clouds,804,c04n,10,4,3.6
2022-03-03T23:00:00,-10,-16.7,100,-11,0,0,-39.9,0,n,0,881,92,1021,0,0,3,Overcast clouds,804,c04n,20,4.1,4.1
2022-03-04T00:00:00,-10,-15.6,100,-12,0,0,-44,0,n,0.5,881,85,1021,15,0,8,Light snow,600,s01n,10,3.6,3.1
2022-03-04T01:00:00,-10,-15.6,100,-12,0,0,-45,0,n,0.5,881,85,1021,15,0,8,Light snow,600,s01n,10,4.4,3.1
2022-03-04T02:00:00,-10,-17.1,100,-12,0,0,-42.7,0,n,0.5,881,85,1021,15,0,6,Light snow,600,s01n,360,4.6,4.6
2022-03-04T03:00:00,-10,-17.5,100,-12,0,0,-37.4,0,n,0.5,881,85,1021,15,0,5,Light snow,600,s01n,360,5.1,5.1
2022-03-04T04:00:00,-10,-16.7,100,-12,0,0,-30,0,n,0.5,881,85,1021,15,0,3,Light snow,600,s01n,10,4.1,4.1
2022-03-04T05:00:00,-10,-15.6,100,-12,0,0,-21.5,0,n,0,881,85,1022,0,0,2,Haze,721,a03n,360,4.8,3.1
2022-03-04T06:00:00,-10,-17.1,100,-12,0,0,-12.3,0,n,0,881,85,1022,0,0,8,Overcast clouds,804,c04n,360,5.2,4.6
2022-03-04T07:00:00,-10,-17.1,100,-12,0,0,-2.8,0,n,0,882,85,1022,0,0,6,Overcast clouds,804,c04n,10,5.6,4.6
2022-03-04T08:00:00,-10,-17.1,100,-11,41,375,6.4,73,d,0,882,92,1022,0,48,5,Overcast clouds,804,c04d,10,5.2,4.6
2022-03-04T09:00:00,-9,-15.9,100,-11,66,616,15,218,d,0,882,85,1023,0,88,6,Overcast clouds,804,c04d,360,7.6,4.6
2022-03-04T10:00:00,-9,-16.7,100,-11,82,731,22.5,355,d,0,883,85,1023,0,118,8,Overcast clouds,804,c04d,10,7.6,5.7
2022-03-04T11:00:00,-9,-17.6,100,-11,91,793,28.3,461,d,0,883,85,1023,0,137,14,Overcast clouds,804,c04d,350,8.4,7.2
2022-03-04T12:00:00,-7,-15.3,75,-10,96,824,31.9,525,d,0,883,79,1023,0,347,14,Overcast clouds,804,c04d,350,10.4,7.7
2022-03-04T13:00:00,-6,-12.9,45,-9,97,830,32.8,541,d,0,884,79,1023,0,509,16,Broken clouds,803,c03d,360,10.4,5.7
2022-03-04T14:00:00,-6,-13.7,75,-9,94,815,30.8,505,d,0,884,79,1023,0,334,16,Overcast clouds,804,c04d,10,10.4,7.2
2022-03-04T15:00:00,-6,-14,100,-9,88,773,26.2,423,d,0,884,79,1023,0,130,16,Overcast clouds,804,c04d,10,10,7.7
2022-03-04T16:00:00,-6,-14,75,-9,76,694,19.6,303,d,0,884,79,1023,0,200,16,Overcast clouds,804,c04d,20,9.2,7.7
2022-03-04T17:00:00,-6,-13.2,75,-9,58,543,11.6,159,d,0,885,79,1024,0,105,16,Overcast clouds,804,c04d,20,6.8,6.2
2022-03-04T18:00:00,-8,-14.2,100,-10.1,24,186,2.7,24,d,0,885,85,1024,0,26,13,Overcast clouds,804,c04n,50,5.6,4.1
2022-03-04T19:00:00,-8,-12.6,100,-10.1,0,0,-6.6,0,n,0,884,85,1025,0,0,13,Overcast clouds,804,c04n,60,4.4,2.6
2022-03-04T20:00:00,-8,-13.2,75,-10.1,0,0,-15.9,0,n,0,885,85,1025,0,0,13,Overcast clouds,804,c04n,10,3.6,3.1
2022-03-04T21:00:00,-9,-15,100,-11,0,0,-24.9,0,n,0,885,85,1026,0,0,13,Overcast clouds,804,c04n,20,3.6,3.6
2022-03-04T22:00:00,-9,-14.4,100,-11,0,0,-33,0,n,0,886,85,1027,0,0,11,Overcast clouds,804,c04n,20,3.2,3.1
2022-03-04T23:00:00,-9,-13.1,100,-11,0,0,-39.5,0,n,0,886,85,1026,0,0,11,Overcast clouds,804,c04n,20,2.8,2.1
2022-03-05T00:00:00,-9,-14.4,100,-11,0,0,-43.7,0,n,0,886,85,1026,0,0,11,Overcast clouds,804,c04n,10,3.2,3.1
2022-03-05T01:00:00,-9,-15.4,100,-11,0,0,-44.7,0,n,0,886,85,1026,0,0,8,Overcast clouds,804,c04n,30,4.1,4.1
2022-03-05T02:00:00,-9,-12,100,-11,0,0,-42.3,0,n,0,886,85,1026,0,0,13,Overcast clouds,804,c04n,40,3.2,1.5
2022-03-05T03:00:00,-9,-13.5,100,-11,0,0,-37,0,n,0,885,85,1025,0,0,13,Overcast clouds,804,c04n,70,3.6,2.4
2022-03-05T04:00:00,-9,-13.1,100,-11,0,0,-29.7,0,n,0,885,85,1025,0,0,16,Overcast clouds,804,c04n,100,4,2.1
2022-03-05T05:00:00,-8,-12.4,25,-10.1,0,0,-21.1,0,n,0,895,85,1025,0,0,16,Scattered clouds,802,c02n,115,3.6,2.4
2022-03-05T06:00:00,-10,-11.9,75,-12,0,0,-11.9,0,n,0,886,85,1026,0,0,13,Overcast clouds,804,c04n,130,3.6,1
2022-03-05T07:00:00,-9,-10.8,75,-10.1,0,0,-2.5,0,n,0,885,92,1026,0,0,8,Overcast clouds,804,c04n,190,3.6,1
2022-03-05T08:00:00,-9,-12.2,100,-10.1,42,389,6.7,78,d,0,886,92,1026,0,50,6,Overcast clouds,804,c04d,245,3.6,1.6
2022-03-05T09:00:00,-7,-8.6,100,-9.1,67,623,15.3,224,d,0,886,85,1027,0,89,6,Overcast clouds,804,c04d,300,3.2,1
2022-03-05T10:00:00,-6,-11.7,100,-8.1,82,735,22.8,361,d,0,887,85,1027,0,118,16,Overcast clouds,804,c04d,340,4.1,4.1
2022-03-05T11:00:00,-5,-10.9,100,-8.1,91,796,28.7,468,d,0,888,79,1027,0,138,16,Overcast clouds,804,c04d,340,4.6,4.6
2022-03-05T12:00:00,-4,-10,100,-8.1,96,826,32.3,532,d,0,888,73,1026,0,149,16,Overcast clouds,804,c04d,350,8,5.1
2022-03-05T13:00:00,-4,-8.4,75,-8.1,97,833,33.2,547,d,0,888,73,1026,0,362,16,Overcast clouds,804,c04d,30,8.4,3.1
2022-03-05T14:00:00,-3,-7.6,45,-7.1,95,817,31.1,511,d,0,888,73,1026,0,481,16,Broken clouds,803,c03d,30,8,3.6
2022-03-05T15:00:00,-3,-7.6,45,-7.1,88,776,26.5,429,d,0,889,73,1025,0,403,16,Broken clouds,803,c03d,40,8,3.6
2022-03-05T16:00:00,-2,-8.8,75,-7.1,77,698,19.9,308,d,0,888,68,1025,0,204,16,Overcast clouds,804,c04d,30,7.7,7.7
2022-03-05T17:00:00,-3,-6.1,75,-7.1,58,550,11.9,164,d,0,889,73,1025,0,109,16,Overcast clouds,804,c04d,60,5.2,2.1
2022-03-05T18:00:00,-4,-6.5,75,-7.1,25,203,3,27,d,0,888,79,1026,0,43,16,Overcast clouds,804,c04n,155,3.2,1.6
2022-03-05T19:00:00,-4,-4.7,75,-8.1,0,0,-6.3,0,n,0,888,73,1026,0,0,16,Overcast clouds,804,c04n,255,2,0.8
2022-03-05T20:00:00,-5,-7.5,75,-8.1,0,0,-15.7,0,n,0,888,79,1027,0,0,11,Overcast clouds,804,c04n,350,2.8,1.5
2022-03-05T21:00:00,-5,-10.9,75,-8.1,0,0,-24.6,0,n,0,889,79,1027,0,0,11,Overcast clouds,804,c04n,10,4.6,4.6
2022-03-05T22:00:00,-6,-9.6,75,-9,0,0,-32.7,0,n,0,889,79,1028,0,0,8,Overcast clouds,804,c04n,360,4.4,2.1
2022-03-05T23:00:00,-6,-9.6,100,-8.1,0,0,-39.2,0,n,0,889,85,1029,0,0,10,Overcast clouds,804,c04n,320,4.8,2.1
2022-03-06T00:00:00,-6,-8.6,75,-7.1,0,0,-43.3,0,n,0,890,92,1029,0,0,10,Overcast clouds,804,c04n,330,8,1.5
2022-03-06T01:00:00,-5,-10.9,75,-7.1,0,0,-44.3,0,n,0,890,85,1029,0,0,10,Overcast clouds,804,c04n,350,8,4.6
2022-03-06T02:00:00,-5,-10.5,75,-8.1,0,0,-41.9,0,n,0,891,79,1029,0,0,11,Overcast clouds,804,c04n,340,6.4,4.1
2022-03-06T03:00:00,-5,-9.6,100,-8.1,0,0,-36.6,0,n,0,891,79,1029,0,0,11,Overcast clouds,804,c04n,330,6.8,3.1
2022-03-06T04:00:00,-5,-10.5,100,-8.1,0,0,-29.3,0,n,0,891,79,1029,0,0,11,Overcast clouds,804,c04n,330,6.8,4.1
2022-03-06T05:00:00,-5,-9.1,100,-9.1,0,0,-20.8,0,n,0,891,73,1030,0,0,11,Overcast clouds,804,c04n,330,6,2.6
2022-03-06T06:00:00,-6,-11.3,75,-9,0,0,-11.6,0,n,0,892,79,1030,0,0,11,Overcast clouds,804,c04n,340,5.2,3.6
2022-03-06T07:00:00,-6,-11.7,100,-10,0,0,-2.2,0,n,0,891,73,1031,0,0,11,Overcast clouds,804,c04n,340,4.8,4.1
2022-03-06T08:00:00,-6,-10.8,75,-10,43,402,7.1,84,d,0,892,73,1031,0,56,13,Overcast clouds,804,c04d,330,4.8,3.1
2022-03-06T09:00:00,-5,-10.5,25,-10.2,68,629,15.7,231,d,0,892,67,1032,0,229,16,Scattered clouds,802,c02d,340,5.6,4.1
2022-03-06T10:00:00,-4,-9.6,25,-10,83,740,23.2,368,d,0,893,63,1032,0,365,16,Scattered clouds,802,c02d,330,6.4,4.6
2022-03-06T11:00:00,-2,-6,25,-9.1,92,800,29.1,475,d,0,893,58,1031,0,471,16,Scattered clouds,802,c02d,330,7.6,3.1
2022-03-06T12:00:00,-2,-5.5,25,-9.1,97,829,32.7,539,d,0,894,58,1031,0,535,16,Scattered clouds,802,c02d,340,8,2.6
2022-03-06T13:00:00,-1,-4.3,25,-9.1,98,835,33.6,554,d,0,894,54,1030,0,550,16,Scattered clouds,802,c02d,70,6.4,2.6
2022-03-06T14:00:00,-1,-2.9,25,-9.1,95,820,31.5,518,d,0,894,54,1029,0,514,16,Scattered clouds,802,c02d,90,5.6,1.5
2022-03-06T15:00:00,0,-4.7,25,-8.2,89,779,26.9,435,d,0,894,54,1028,0,431,16,Scattered clouds,802,c02d,160,5.2,4.6
2022-03-06T16:00:00,0,-5.3,25,-8.2,77,702,20.2,313,d,0,893,54,1027,0,310,16,Scattered clouds,802,c02d,170,5.7,5.7
2022-03-06T17:00:00,0,-5.3,25,-7,59,556,12.2,169,d,0,892,59,1027,0,168,16,Scattered clouds,802,c02d,190,5.7,5.7
2022-03-06T18:00:00,-2,-8.1,45,-9.1,27,219,3.3,30,d,0,891,58,1026,0,28,16,Broken clouds,803,c03n,200,6.2,6.2
2022-03-06T19:00:00,-3,-8.7,75,-8.1,0,0,-6,0,n,0,890,68,1025,0,0,16,Overcast clouds,804,c04n,210,5.1,5.1
2022-03-06T20:00:00,-4,-8.9,100,-8.1,0,0,-15.4,0,n,0,889,73,1024,0,0,16,Overcast clouds,804,c04n,180,4.8,3.6
2022-03-06T21:00:00,-5,-9.1,100,-8.1,0,0,-24.4,0,n,0,896,79,1023,0,0,16,Overcast clouds,804,c04n,180,5.6,2.6
2022-03-06T22:00:00,-5,-8.4,75,-8.1,0,0,-32.4,0,n,0,886,79,1022,0,0,16,Overcast clouds,804,c04n,180,6.4,2.1
2022-03-06T23:00:00,-3,-7.2,75,-8.1,0,0,-38.9,0,n,0,885,68,1022,0,0,16,Overcast clouds,804,c04n,190,7.6,3.1
2022-03-07T00:00:00,0,-2.6,75,-5.2,0,0,-42.9,0,n,0,886,68,1021,0,0,11,Overcast clouds,804,c04n,290,10,2.1
2022-03-07T01:00:00,3,-1.9,75,-10.2,0,0,-43.9,0,n,0,887,37,1020,0,0,11,Overcast clouds,804,c04n,290,10,6.7
2022-03-07T02:00:00,3,-2.3,100,-10.2,0,0,-41.5,0,n,0,894,37,1020,0,0,11,Overcast clouds,804,c04n,290,10,7.7
2022-03-07T03:00:00,3,-2.1,75,-10.2,0,0,-36.3,0,n,0,888,37,1019,0,0,11,Overcast clouds,804,c04n,290,11,7.2
2022-03-07T04:00:00,4,-1.4,75,-9,0,0,-29,0,n,0,888,38,1019,0,0,11,Overcast clouds,804,c04n,280,11,8.8
2022-03-07T05:00:00,4,-1.4,75,-9,0,0,-20.4,0,n,0,888,38,1019,0,0,11,Overcast clouds,804,c04n,280,12,8.8
2022-03-07T06:00:00,3,-1.9,100,-9.3,0,0,-11.2,0,n,0,888,40,1019,0,0,11,Overcast clouds,804,c04n,290,12,6.7
2022-03-07T07:00:00,2,-1.6,75,-8.1,0,0,-1.8,0,n,0,887,47,1020,0,0,16,Overcast clouds,804,c04n,350,10,3.6
2022-03-07T08:00:00,3,-1.5,75,-9.3,44,415,7.4,89,d,0,887,40,1019,0,59,16,Overcast clouds,804,c04d,290,8,5.7
2022-03-07T09:00:00,4,0.3,75,-7.1,69,635,16,237,d,0,887,44,1020,0,157,16,Overcast clouds,804,c04d,350,8,4.6
2022-03-07T10:00:00,0,-8.2,75,-10.8,83,743,23.6,374,d,0,888,44,1023,0,247,3,Overcast clouds,804,c04d,350,18,14.4
2022-03-07T11:00:00,0,-7.1,100,-3,92,802,29.5,481,d,0,905,80,1023,0,140,16,Overcast clouds,804,c04d,350,15,10.3
2022-03-07T12:00:00,1,-5.5,100,-6.1,97,832,33.1,545,d,0,905,59,1023,0,152,16,Overcast clouds,804,c04d,340,13,9.3
2022-03-07T13:00:00,1,-5.3,100,-6.1,98,838,34,560,d,0,898,59,1023,0,154,16,Overcast clouds,804,c04d,350,14,8.8
2022-03-07T14:00:00,1,-6.5,100,-8,96,822,31.9,524,d,0,890,51,1023,0,148,16,Overcast clouds,804,c04d,360,18,12.9
2022-03-07T15:00:00,-1,-9.4,75,-7.1,89,782,27.2,441,d,0,890,63,1024,0,292,16,Overcast clouds,804,c04d,360,18,13.4
2022-03-07T16:00:00,-1,-8.8,75,-9.1,78,705,20.5,319,d,0,890,54,1025,0,211,16,Overcast clouds,804,c04d,350,17,11.3
2022-03-07T17:00:00,-2,-10.1,75,-10,60,562,12.5,174,d,0,890,54,1026,0,115,16,Overcast clouds,804,c04d,350,16,11.3
2022-03-07T18:00:00,-3,-10.6,75,-10.1,28,235,3.6,33,d,0,891,58,1027,0,50,16,Overcast clouds,804,c04n,360,12,8.8
2022-03-07T19:00:00,-4,-11.6,75,-10,0,0,-5.8,0,n,0.25,891,63,1028,6.25,0,16,Flurries,623,s06n,360,12,8.2
2022-03-07T20:00:00,-5,-12.7,75,-11.1,0,0,-15.1,0,n,0,900,62,1028,0,0,16,Overcast clouds,804,c04n,360,11,7.7
2022-03-07T21:00:00,-6,-13.7,25,-11.1,0,0,-24.1,0,n,0,891,67,1029,0,0,16,Scattered clouds,802,c02n,350,11,7.2
2022-03-07T22:00:00,-6,-14.5,25,-11.1,0,0,-32.1,0,n,0,891,67,1029,0,0,16,Scattered clouds,802,c02n,350,11,8.8
2022-03-07T23:00:00,-7,-14.7,25,-11,0,0,-38.5,0,n,0,891,73,1030,0,0,11,Scattered clouds,802,c02n,350,11.6,6.7
2022-03-08T00:00:00,-7,-15,45,-11,0,0,-42.6,0,n,0,891,73,1031,0,0,8,Broken clouds,803,c03n,360,11.6,7.2
2022-03-08T01:00:00,-8,-17.3,100,-11,0,0,-43.5,0,n,0,892,79,1031,0,0,2,Haze,721,a03n,10,13,9.3
2022-03-08T02:00:00,-9,-19.3,100,-13.1,0,0,-41.1,0,n,0,892,72,1032,0,0,11,Overcast clouds,804,c04n,360,13,10.8
2022-03-08T03:00:00,-9,-18.6,75,-13.1,0,0,-35.9,0,n,0,892,72,1033,0,0,8,Overcast clouds,804,c04n,360,12,9.3
2022-03-08T04:00:00,-9,-18.9,75,-15.1,0,0,-28.6,0,n,0,892,61,1033,0,0,5,Overcast clouds,804,c04n,360,12,9.8
2022-03-08T05:00:00,-11,-20.2,75,-16.1,0,0,-20.1,0,n,0,892,66,1035,0,0,11,Overcast clouds,804,c04n,10,10,7.2
2022-03-08T06:00:00,-11,-19.9,100,-16.1,0,0,-10.9,0,n,0,892,66,1035,0,0,11,Overcast clouds,804,c04n,360,9.6,6.7
2022-03-08T07:00:00,-11,-19.9,75,-16.1,0,0,-1.5,0,n,0,892,66,1035,0,0,11,Overcast clouds,804,c04n,350,8,6.7
2022-03-08T08:00:00,-11,-18.3,100,-16.1,46,427,7.8,94,d,0,892,66,1035,0,55,16,Overcast clouds,804,c04d,340,7,4.6
2022-03-08T09:00:00,-11,-18.8,25,-16.1,69,641,16.4,243,d,0,892,66,1035,0,241,16,Scattered clouds,802,c02d,330,8,5.1
2022-03-08T10:00:00,-10,-18.6,100,-15.1,84,747,24,381,d,0,892,66,1034,0,122,16,Overcast clouds,804,c04d,330,10,6.7
2022-03-08T11:00:00,-9,-19.1,100,-16.1,93,805,29.9,488,d,0,892,56,1033,0,142,16,Overcast clouds,804,c04d,350,12,10.3
2022-03-08T12:00:00,-9,-18.4,100,-15.1,98,834,33.5,552,d,0,892,61,1033,0,153,16,Overcast clouds,804,c04d,360,11,8.8
2022-03-08T13:00:00,-7,-14.7,75,-14.1,99,840,34.3,566,d,0,891,57,1032,0,374,16,Overcast clouds,804,c04d,360,9,6.7
2022-03-08T14:00:00,-7,-16,75,-16.1,96,825,32.2,530,d,0,892,48,1031,0,351,16,Overcast clouds,804,c04d,350,12,9.3
2022-03-08T15:00:00,-8,-16,75,-14,90,785,27.5,446,d,0,891,62,1031,0,295,16,Overcast clouds,804,c04d,360,10,6.7
2022-03-08T16:00:00,-7,-14.5,45,-14.1,78,709,20.9,324,d,0,890,57,1031,0,305,16,Broken clouds,803,c03d,360,9,6.2
2022-03-08T17:00:00,-8,-15.4,45,-14,61,569,12.8,179,d,0,891,62,1031,0,168,16,Broken clouds,803,c03d,10,9,5.7
2022-03-08T18:00:00,-9,-15.9,25,-14,29,251,3.8,37,d,0,890,67,1031,0,37,16,Scattered clouds,802,c02n,10,8.4,4.6
2022-03-08T19:00:00,-10,-14.3,25,-15.1,0,0,-5.5,0,n,0,889,66,1031,0,0,16,Scattered clouds,802,c02n,350,6.4,2.1
2022-03-08T20:00:00,-10,-16.7,25,-15.1,0,0,-14.9,0,n,0,889,66,1032,0,0,4,Scattered clouds,802,c02n,350,6.4,4.1
2022-03-08T21:00:00,-11,-16.8,75,-14.1,0,0,-23.8,0,n,0,889,78,1032,0,0,11,Overcast clouds,804,c04n,350,6,3.1
2022-03-08T22:00:00,-11,-17.4,45,-14.1,0,0,-31.8,0,n,0,889,78,1032,0,0,8,Broken clouds,803,c03n,340,8,3.6
2022-03-08T23:00:00,-12,-20.8,75,-16,0,0,-38.2,0,n,0,889,72,1033,0,0,11,Overcast clouds,804,c04n,10,8,6.2
2022-03-09T00:00:00,-13,-21.7,45,-16,0,0,-42.2,0,n,0,889,78,1033,0,0,8,Broken clouds,803,c03n,10,6.8,5.7
2022-03-09T01:00:00,-15,-23.8,75,-17.1,0,0,-43.1,0,n,0,911,84,1033,0,0,11,Overcast clouds,804,c04n,10,6.4,5.1
2022-03-09T02:00:00,-15,-23.3,25,-18.1,0,0,-40.7,0,n,0,888,77,1033,0,0,11,Scattered clouds,802,c02n,10,5.2,4.6
2022-03-09T03:00:00,-16,-22.9,25,-18.1,0,0,-35.5,0,n,0,888,84,1033,0,0,16,Scattered clouds,802,c02n,330,5.6,3.1
2022-03-09T04:00:00,-16,-22.1,41,-19.1,0,0,-28.3,0,n,0,887,77,1033,0,0,16,Broken clouds,803,c03n,350,6,2.6
2022-03-09T05:00:00,-16,-22.9,45,-19.1,0,0,-19.7,0,n,0,887,77,1033,0,0,11,Broken clouds,803,c03n,340,6.8,3.1
2022-03-09T06:00:00,-15,-22.8,45,-18.1,0,0,-10.6,0,n,0,887,77,1032,0,0,8,Broken clouds,803,c03n,330,5.6,4.1
2022-03-09T07:00:00,-16,-22.9,75,-19.1,0,0,-1.1,0,n,0,887,77,1032,0,0,16,Overcast clouds,804,c04n,340,5.6,3.1
2022-03-09T08:00:00,-15,-20.9,25,-19.1,47,439,8.1,100,d,0,886,71,1032,0,99,16,Scattered clouds,802,c02d,340,6.4,2.6
2022-03-09T09:00:00,-14,-21,45,-18.1,70,647,16.8,250,d,0,887,71,1032,0,235,16,Broken clouds,803,c03d,330,9.2,3.6
2022-03-09T10:00:00,-13,-21.3,75,-18,85,751,24.3,388,d,0,887,66,1031,0,257,16,Overcast clouds,804,c04d,10,9,5.1
2022-03-09T11:00:00,-13,-22.4,75,-18,93,808,30.3,495,d,0,887,66,1031,0,327,16,Overcast clouds,804,c04d,350,9,6.7
2022-03-09T12:00:00,-12,-20,75,-18.2,98,836,33.9,558,d,0,887,60,1030,0,369,16,Overcast clouds,804,c04d,10,8,5.1
2022-03-09T13:00:00,-11,-17.4,75,-18,99,842,34.7,573,d,0,887,56,1029,0,379,16,Overcast clouds,804,c04d,10,8.4,3.6
2022-03-09T14:00:00,-11,-13,25,-18,97,827,32.6,536,d,0,886,56,1028,0,532,16,Scattered clouds,802,c02d,90,8.4,1
2022-03-09T15:00:00,-10,-18.3,25,-17.1,90,787,27.9,452,d,0,885,56,1027,0,448,16,Scattered clouds,802,c02d,170,8.4,6.2
2022-03-09T16:00:00,-10,-17.9,25,-17.1,79,713,21.1,330,d,0,885,56,1025,0,327,16,Scattered clouds,802,c02d,180,9,5.7
2022-03-09T17:00:00,-10,-17.9,25,-17.1,61,575,13,183,d,0,883,56,1024,0,182,16,Scattered clouds,802,c02d,200,9,5.7
2022-03-09T18:00:00,-11,-18.8,25,-18,31,266,4.1,40,d,0,882,56,1023,0,40,16,Scattered clouds,802,c02n,200,5.1,5.1
2022-03-09T19:00:00,-12,-19.6,25,-18.2,0,0,-5.3,0,n,0,881,60,1022,0,0,16,Scattered clouds,802,c02n,200,4.6,4.6
2022-03-09T20:00:00,-13,-19.2,25,-18,0,0,-14.6,0,n,0,879,66,1021,0,0,16,Scattered clouds,802,c02n,200,4,3.1
2022-03-09T21:00:00,-14,-19.8,100,-19.1,0,0,-23.5,0,n,0,878,65,1020,0,0,16,Overcast clouds,804,c04n,220,6,2.6
2022-03-09T22:00:00,-12,-18.6,25,-18.2,0,0,-31.5,0,n,0,876,60,1018,0,0,16,Scattered clouds,802,c02n,220,7.2,3.6
2022-03-09T23:00:00,-11,-16.2,75,-20.1,0,0,-37.8,0,n,0,876,47,1017,0,0,16,Overcast clouds,804,c04n,190,10,2.6
2022-03-10T00:00:00,-6,-13.2,75,-23.2,0,0,-41.8,0,n,0,876,24,1016,0,0,16,Overcast clouds,804,c04n,290,10,6.2
2022-03-10T01:00:00,-6,-13.2,75,-21.9,0,0,-42.7,0,n,0,878,27,1016,0,0,16,Overcast clouds,804,c04n,320,8.4,6.2
2022-03-10T02:00:00,-6,-12.1,75,-21.1,0,0,-40.3,0,n,0,879,29,1017,0,0,16,Overcast clouds,804,c04n,310,8.4,4.6
2022-03-10T03:00:00,-6,-12.1,75,-21.1,0,0,-35.1,0,n,0,880,29,1017,0,0,16,Overcast clouds,804,c04n,310,7.2,4.6
2022-03-10T04:00:00,-6,-11.7,75,-21.1,0,0,-27.9,0,n,0,880,29,1018,0,0,16,Overcast clouds,804,c04n,320,10,4.1
2022-03-10T05:00:00,-5,-12.9,100,-21.9,0,0,-19.4,0,n,0,880,25,1018,0,0,11,Overcast clouds,804,c04n,290,10,8.2
2022-03-10T06:00:00,-6,-13.2,100,-20,0,0,-10.2,0,n,0,881,32,1019,0,0,16,Overcast clouds,804,c04n,330,8,6.2
2022-03-10T07:00:00,-8,-13.2,75,-20.1,0,0,-0.8,0,n,0,881,37,1020,0,0,16,Overcast clouds,804,c04n,330,7.2,3.1
2022-03-10T08:00:00,-8,-13.2,25,-19.2,48,451,8.4,106,d,0,881,40,1022,0,105,16,Scattered clouds,802,c02d,330,7.6,3.1
2022-03-10T09:00:00,-5,-12.9,25,-16.2,71,653,17.1,256,d,0,882,41,1022,0,254,16,Scattered clouds,802,c02d,360,11,8.2
2022-03-10T10:00:00,-5,-13.2,25,-14,85,755,24.7,394,d,0,884,49,1023,0,391,16,Scattered clouds,802,c02d,350,12,8.8
2022-03-10T11:00:00,-6,-14.7,45,-14,94,811,30.6,501,d,0,885,53,1023,0,471,16,Broken clouds,803,c03d,40,14,9.3
2022-03-10T12:00:00,-7,-15.8,75,-14.1,99,839,34.3,565,d,0,885,57,1024,0,374,16,Overcast clouds,804,c04d,50,14,8.8
2022-03-10T13:00:00,-7,-14.7,25,-14.1,100,844,35.1,579,d,0,885,57,1024,0,574,16,Scattered clouds,802,c02d,60,12.4,6.7
2022-03-10T14:00:00,-8,-13.2,25,-15,97,829,33,542,d,0,885,57,1024,0,538,16,Scattered clouds,802,c02d,50,11.2,3.1
2022-03-10T15:00:00,-8,-13.2,45,-15,90,790,28.2,458,d,0,885,57,1025,0,431,16,Broken clouds,803,c03d,90,10.4,3.1
2022-03-10T16:00:00,-8,-13.7,75,-15,79,716,21.5,335,d,0,885,57,1025,0,222,16,Overcast clouds,804,c04d,180,9.6,3.6
2022-03-10T17:00:00,-9,-15.9,75,-15.1,62,581,13.3,188,d,0,886,61,1025,0,124,16,Overcast clouds,804,c04d,180,8.4,4.6
2022-03-10T18:00:00,-10,-16.7,75,-15.1,32,280,4.4,44,d,0,885,66,1026,0,61,16,Overcast clouds,804,c04n,180,6.4,4.1
2022-03-10T19:00:00,-10,-16.2,75,-15.1,0,0,-5,0,n,0,885,66,1026,0,0,16,Overcast clouds,804,c04n,190,4.4,3.6
2022-03-10T20:00:00,-11,-17.4,75,-15,0,0,-14.3,0,n,0,885,72,1027,0,0,16,Overcast clouds,804,c04n,190,3.6,3.6
2022-03-10T21:00:00,-11,-16.8,100,-15,0,0,-23.2,0,n,0,897,72,1027,0,0,16,Overcast clouds,804,c04n,170,3.1,3.1
2022-03-10T22:00:00,-12,-18,25,-16,0,0,-31.1,0,n,0,886,72,1027,0,0,16,Scattered clouds,802,c02n,160,3.2,3.1
2022-03-10T23:00:00,-13,-18.6,25,-17.1,0,0,-37.5,0,n,0,885,71,1027,0,0,16,Scattered clouds,802,c02n,170,3.6,2.6
2022-03-11T00:00:00,-14,-21,82,-17,0,0,-41.4,0,n,0,884,78,1027,0,0,16,Overcast clouds,804,c04n,190,4,3.6
2022-03-11T01:00:00,-14,-19.8,86,-18.1,0,0,-42.3,0,n,0,883,71,1027,0,0,16,Overcast clouds,804,c04n,180,4.4,2.6
2022-03-11T02:00:00,-14,-19.8,95,-17,0,0,-39.9,0,n,0,883,78,1027,0,0,16,Overcast clouds,804,c04n,190,4.4,2.6
2022-03-11T03:00:00,-15,-20.9,99,-17.1,0,0,-34.7,0,n,0,883,84,1027,0,0,16,Overcast clouds,804,c04n,180,4.8,2.6
2022-03-11T04:00:00,-16,-22.1,100,-18.1,0,0,-27.5,0,n,0,882,84,1026,0,0,16,Overcast clouds,804,c04n,180,5.2,2.6
2022-03-11T05:00:00,-15,-21.7,96,-17.1,0,0,-19,0,n,0,881,84,1026,0,0,16,Overcast clouds,804,c04n,210,5.2,3.1
2022-03-11T06:00:00,-15,-21.7,25,-17.1,0,0,-9.9,0,n,0,882,84,1025,0,0,16,Scattered clouds,802,c02n,180,5.6,3.1
2022-03-11T07:00:00,-15,-21.7,45,-17.1,0,0,-0.4,0,n,0,881,84,1025,0,0,16,Broken clouds,803,c03n,190,6,3.1
2022-03-11T08:00:00,-14,-22.5,75,-16.1,49,462,8.8,111,d,0,880,84,1024,0,73,16,Overcast clouds,804,c04d,190,6,5.1
2022-03-11T09:00:00,-12,-19.1,45,-15,72,658,17.5,263,d,0,881,78,1023,0,247,16,Broken clouds,803,c03d,200,6.8,4.1
2022-03-11T10:00:00,-10,-17.1,75,-14.1,86,759,25.1,401,d,0,881,72,1023,0,265,16,Overcast clouds,804,c04d,200,6.8,4.6
2022-03-11T11:00:00,-8,-15,75,-14,94,814,31,508,d,0,882,62,1021,0,336,16,Overcast clouds,804,c04d,190,6.8,5.1
2022-03-11T12:00:00,-6,-12.1,75,-13.1,99,841,34.7,572,d,0,881,57,1020,0,378,16,Overcast clouds,804,c04d,180,7.2,4.6
2022-03-11T13:00:00,-4,-9.3,75,-12.1,100,847,35.5,585,d,0,881,53,1018,0,387,16,Overcast clouds,804,c04d,170,7.2,4.1
2022-03-11T14:00:00,-5,-10.1,75,-11.1,97,831,33.3,548,d,2.25,881,62,1018,56.25,352,16,Snow,601,s02d,170,6.8,3.6
2022-03-11T15:00:00,-4,-9.6,75,-10,91,793,28.6,464,d,0,880,63,1017,0,307,16,Overcast clouds,804,c04d,180,6.4,4.6
2022-03-11T16:00:00,-2,-6.8,45,-9.1,80,720,21.8,341,d,0,880,58,1015,0,321,16,Broken clouds,803,c03d,190,6,4.1
2022-03-11T17:00:00,-1,-5.2,100,-8,63,586,13.6,193,d,0,886,59,1014,0,82,16,Overcast clouds,804,c04d,190,4,3.6
2022-03-11T18:00:00,0,-4.7,75,-7,33,294,4.6,48,d,0,879,59,1013,0,65,16,Overcast clouds,804,c04n,180,9,4.6
2022-03-11T19:00:00,5,1.3,75,-8.1,0,0,-4.7,0,n,0,880,38,1012,0,0,16,Overcast clouds,804,c04n,280,9,5.1
2022-03-11T20:00:00,5,0.3,75,-9.2,0,0,-14,0,n,0,880,35,1011,0,0,16,Overcast clouds,804,c04n,280,10,7.7
2022-03-11T21:00:00,4,0,75,-8,0,0,-22.9,0,n,0,880,41,1011,0,0,16,Overcast clouds,804,c04n,270,8,5.1
2022-03-11T22:00:00,5,0.8,75,-9.2,0,0,-30.8,0,n,0,880,35,1010,0,0,16,Overcast clouds,804,c04n,280,9,6.2
2022-03-11T23:00:00,4,1.6,75,-9,0,0,-37.2,0,n,0.25,879,38,1009,0,0,16,Overcast clouds,804,c04n,290,9.6,2.6
2022-03-12T00:00:00,4,1.6,75,-8,0,0,-41,0,n,0.25,905,41,1008,0,0,16,Overcast clouds,804,c04n,260,11,2.6
2022-03-12T01:00:00,5,0.4,75,-9.2,0,0,-41.9,0,n,0.25,878,35,1007,0,0,16,Overcast clouds,804,c04n,280,12,7.2
2022-03-12T02:00:00,5,-0.1,75,-9.2,0,0,-39.5,0,n,0,878,35,1007,0,0,16,Overcast clouds,804,c04n,290,12,8.8
2022-03-12T03:00:00,5,0.8,75,-8.1,0,0,-34.3,0,n,0,878,38,1007,0,0,16,Overcast clouds,804,c04n,280,9,6.2
2022-03-12T04:00:00,3,-0.3,75,-8,0,0,-27.1,0,n,0,878,44,1007,0,0,16,Overcast clouds,804,c04n,240,10,3.6
2022-03-12T05:00:00,5,0.4,100,-9.2,0,0,-18.7,0,n,0,882,35,1007,0,0,16,Overcast clouds,804,c04n,270,11,7.2
2022-03-12T06:00:00,5,0.6,75,-9.2,0,0,-9.5,0,n,0,878,35,1007,0,0,16,Overcast clouds,804,c04n,280,9,6.7
2022-03-12T07:00:00,4,-0.8,97,-9,4,3,-0.1,0,n,0,885,38,1007,0,0,16,Overcast clouds,804,c04n,280,11,7.2
2022-03-12T08:00:00,4,-0.5,75,-9,50,473,9.2,117,d,0,879,38,1008,0,77,16,Overcast clouds,804,c04d,280,9,6.2
2022-03-12T09:00:00,4,0,100,-9,72,664,17.8,269,d,0,886,38,1009,0,99,16,Overcast clouds,804,c04d,280,9,5.1
2022-03-12T10:00:00,6,2.5,100,-9,86,762,25.5,408,d,0,886,33,1009,0,127,16,Overcast clouds,804,c04d,290,8,5.1
2022-03-12T11:00:00,7,3.8,75,-9.4,95,817,31.4,515,d,0,881,30,1009,0,341,16,Overcast clouds,804,c04d,310,8,5.1
2022-03-12T12:00:00,8,8,45,-10.3,99,843,35.1,578,d,0,881,26,1008,0,544,16,Broken clouds,803,c03d,280,8,5.7
2022-03-12T13:00:00,8,8,45,-10.3,100,849,35.9,592,d,0,881,26,1008,0,557,16,Broken clouds,803,c03d,300,11,8.2
2022-03-12T14:00:00,9,9,75,-9.9,98,834,33.7,554,d,0,881,25,1007,0,367,16,Overcast clouds,804,c04d,300,10,7.2
2022-03-12T15:00:00,8,8,75,-7.3,91,795,28.9,469,d,0,882,33,1008,0,310,16,Overcast clouds,804,c04d,70,9.6,1.5
2022-03-12T16:00:00,7,4.3,75,-7,81,723,22.1,346,d,0,881,36,1008,0,229,16,Overcast clouds,804,c04d,80,7.2,4.1
2022-03-12T17:00:00,5,1.8,100,-7.1,63,592,13.9,198,d,0,885,41,1007,0,83,16,Overcast clouds,804,c04d,100,4.1,4.1
2022-03-12T18:00:00,4,1.2,100,-7.1,34,307,4.9,51,d,0,885,44,1008,0,39,16,Overcast clouds,804,c04d,120,3.2,3.1
2022-03-12T19:00:00,3,1.7,75,-8,0,0,-4.5,0,n,0.25,879,44,1008,0,0,16,Overcast clouds,804,c04n,170,3.2,1.5
2022-03-12T20:00:00,2,-0.7,75,-6.1,0,0,-13.8,0,n,0,879,55,1008,0,0,16,Overcast clouds,804,c04n,180,3.2,2.6
2022-03-12T21:00:00,1,-2.8,75,-4,0,0,-22.6,0,n,0,878,69,1008,0,0,16,Overcast clouds,804,c04n,140,10,3.6
2022-03-12T22:00:00,1,-4.3,75,-6.1,0,0,-30.5,0,n,0,878,59,1008,0,0,16,Overcast clouds,804,c04n,130,10,6.2
2022-03-12T23:00:00,1,-3.4,100,-6.1,0,0,-36.8,0,n,0,878,59,1008,0,0,16,Overcast clouds,804,c04n,150,4.6,4.6
2022-03-13T00:00:00,1,-1.9,100,-6.1,0,0,-40.7,0,n,0,878,59,1008,0,0,16,Overcast clouds,804,c04n,150,2.6,2.6
2022-03-13T01:00:00,0,-0.8,100,-7,0,0,-41.5,0,n,0,878,59,1007,0,0,16,Overcast clouds,804,c04n,110,1.6,1
2022-03-13T03:00:00,0,-3.6,100,-6.2,0,0,-39.1,0,n,0,877,63,1007,0,0,16,Overcast clouds,804,c04n,190,3.1,3.1
2022-03-13T04:00:00,0,-2.6,100,-6.2,0,0,-34,0,n,0,877,63,1007,0,0,16,Overcast clouds,804,c04n,190,2.1,2.1
2022-03-13T05:00:00,0,-0.8,100,-7,0,0,-26.8,0,n,0.25,877,59,1007,1.75,0,16,Flurries,623,s06n,190,1.6,1
2022-03-13T06:00:00,-1,-2.4,100,-7.1,0,0,-18.3,0,n,0,877,63,1008,0,0,16,Overcast clouds,804,c04n,155,1.2,1.2
2022-03-13T07:00:00,-2,-3,100,-7.1,0,0,-9.2,0,n,0,876,68,1008,0,0,16,Overcast clouds,804,c04n,120,2,1
2022-03-13T08:00:00,-1,-3.7,75,-7.1,7,16,0.3,2,d,0,875,63,1008,0,8,16,Overcast clouds,804,c04n,120,2.1,2.1
2022-03-13T09:00:00,-1,-4.8,100,-5,51,483,9.5,123,d,0,876,74,1008,0,63,16,Overcast clouds,804,c04d,170,3.2,3.1
2022-03-13T10:00:00,0,-3.6,100,-4.1,73,669,18.2,276,d,0,877,74,1009,0,101,16,Overcast clouds,804,c04d,170,4.4,3.1
2022-03-13T11:00:00,0,-4.7,100,-5,87,766,25.9,414,d,0,877,69,1009,0,128,16,Overcast clouds,804,c04d,180,4.6,4.6
2022-03-13T12:00:00,1,-3.1,100,-5,95,819,31.8,521,d,0,878,64,1009,0,147,16,Overcast clouds,804,c04d,140,4.1,4.1
2022-03-13T13:00:00,1,-1.4,75,-4,100,846,35.5,585,d,0,878,69,1009,0,387,16,Overcast clouds,804,c04d,130,5.2,2.1
2022-03-13T14:00:00,3,-0.7,75,-3.1,101,851,36.3,598,d,0,878,64,1009,0,396,16,Overcast clouds,804,c04d,140,5.2,4.1
2022-03-13T15:00:00,3,-1,75,-3.1,98,836,34.1,560,d,0.5,879,64,1009,0,370,16,Overcast clouds,804,c04d,160,4.8,4.6
2022-03-13T16:00:00,3,-0.3,75,-2.1,92,798,29.2,475,d,2.75,879,69,1010,0,302,16,Light rain,500,r01d,140,4,3.6
2022-03-13T17:00:00,2,-1.2,75,-3.1,81,727,22.4,351,d,0,879,69,1010,0,232,16,Overcast clouds,804,c04d,150,4,3.1
2022-03-13T18:00:00,2,-1.9,75,-2.1,64,597,14.2,203,d,0,880,74,1012,0,134,16,Overcast clouds,804,c04d,90,4.8,4.1
2022-03-13T19:00:00,1,-2.8,100,-1.1,36,320,5.2,55,d,0.5,880,86,1012,1,42,16,Mix snow/rain,610,s04d,90,4,3.6
2022-03-13T20:00:00,0,-3.1,75,-2.1,0,0,-4.2,0,n,0,881,86,1013,0,0,16,Overcast clouds,804,c04n,110,3.2,2.6
2022-03-13T21:00:00,0,-4.4,75,-2.1,0,0,-13.5,0,n,0,880,86,1014,0,0,16,Overcast clouds,804,c04n,80,4.1,4.1
2022-03-13T22:00:00,0,-3.1,75,-2.1,0,0,-22.4,0,n,0,882,86,1015,0,0,10,Overcast clouds,804,c04n,60,2.6,2.6
2022-03-13T23:00:00,0,-2.6,100,-1.1,0,0,-30.2,0,n,0,882,92,1015,0,0,10,Overcast clouds,804,c04n,110,2.1,2.1
2022-03-14T00:00:00,-1,-4.3,100,-2.1,0,0,-36.5,0,n,0,882,92,1015,0,0,6,Overcast clouds,804,c04n,110,2.8,2.6
2022-03-14T01:00:00,-1,-5.2,100,-2.1,0,0,-40.3,0,n,0,882,92,1014,0,0,1,Haze,721,a03n,140,3.6,3.6
2022-03-14T02:00:00,-2,-5.5,100,-2,0,0,-41.1,0,n,0,881,100,1014,0,0,1,Fog,741,a05n,100,4,2.6
2022-03-14T03:00:00,-2,-7.2,100,-2,0,0,-38.7,0,n,0,881,100,1013,0,0,1,Fog,741,a05n,170,4.6,4.6
2022-03-14T04:00:00,-2,-6,100,-2,0,0,-33.6,0,n,0,880,100,1013,0,0,1,Fog,741,a05n,160,4,3.1
2022-03-14T05:00:00,-2,-6.8,100,-2,0,0,-26.4,0,n,0,880,100,1012,0,0,3,Fog,741,a05n,180,4.1,4.1
2022-03-14T06:00:00,-2,-6.4,100,-3.1,0,0,-18,0,n,0.25,879,92,1012,5,0,1,Flurries,623,s06n,210,4.8,3.6
2022-03-14T07:00:00,-2,-6,100,-3.1,0,0,-8.8,0,n,0,878,92,1012,0,0,1,Haze,721,a03n,210,6,3.1
2022-03-14T08:00:00,-2,-6.4,100,-2,10,36,0.6,4,d,0,878,100,1012,0,10,3,Fog,741,a05n,230,6.8,3.6
2022-03-14T09:00:00,-2,-6.4,100,-2,52,493,9.9,129,d,0,878,100,1012,0,65,8,Fog,741,a05d,230,6.4,3.6
2022-03-14T10:00:00,0,-4.4,100,0,74,675,18.6,282,d,0,878,100,1012,0,102,16,Fog,741,a05d,230,6.4,4.1
2022-03-14T11:00:00,3,0.9,75,-2.1,87,769,26.2,421,d,0,880,69,1013,0,279,16,Overcast clouds,804,c04d,170,7.2,2.1
2022-03-14T12:00:00,9,9,75,-3.2,96,822,32.2,528,d,0,882,42,1012,0,349,16,Overcast clouds,804,c04d,230,10,3.6
2022-03-14T13:00:00,11,11,75,-7.3,100,848,35.9,591,d,0,885,27,1012,0,391,16,Overcast clouds,804,c04d,260,10,5.7
2022-03-14T14:00:00,12,12,75,-7.4,101,853,36.7,604,d,0,886,25,1012,0,400,16,Overcast clouds,804,c04d,280,13,8.8
2022-03-14T15:00:00,12,12,75,-7.4,99,838,34.4,566,d,0,886,25,1012,0,374,16,Overcast clouds,804,c04d,270,10,5.7
2022-03-14T16:00:00,12,12,100,-7.4,92,800,29.6,481,d,0,886,25,1011,0,140,16,Overcast clouds,804,c04d,270,12,8.2
2022-03-14T17:00:00,12,12,100,-6.4,81,730,22.7,357,d,0,885,27,1011,0,117,16,Overcast clouds,804,c04d,260,10,6.2
2022-03-14T18:00:00,11,11,75,-6.3,65,603,14.5,208,d,0,885,29,1012,0,138,16,Overcast clouds,804,c04d,250,12,6.2
2022-03-14T19:00:00,9,9,100,-6,37,332,5.4,59,d,0,885,34,1012,0,43,16,Overcast clouds,804,c04d,270,10,6.2
2022-03-14T20:00:00,8,8,100,-5.1,0,0,-3.9,0,n,0,885,39,1012,0,0,16,Overcast clouds,804,c04n,260,10,4.6
2022-03-14T21:00:00,5,2.1,75,-4,0,0,-13.2,0,n,0,884,52,1012,0,0,16,Overcast clouds,804,c04n,120,9.6,3.6
2022-03-14T22:00:00,5,2.8,100,-5.1,0,0,-22.1,0,n,0,883,48,1012,0,0,16,Overcast clouds,804,c04n,40,8.4,2.6
2022-03-14T23:00:00,5,3.3,75,-4,0,0,-29.9,0,n,0.25,882,52,1011,0,0,16,Overcast clouds,804,c04n,20,6.4,2.1
2022-03-15T00:00:00,5,3.3,75,-4,0,0,-36.1,0,n,0.5,882,52,1010,0,0,16,Overcast clouds,804,c04n,160,5.2,2.1
2022-03-15T01:00:00,2,1.4,100,-4.1,0,0,-39.9,0,n,0.25,882,64,1009,0,0,16,Overcast clouds,804,c04n,90,3.2,1
2022-03-15T02:00:00,3,0.4,75,-3.1,0,0,-40.7,0,n,0,880,64,1009,0,0,16,Overcast clouds,804,c04n,160,2.8,2.6
2022-03-15T03:00:00,2,-0.2,75,-3.1,0,0,-38.3,0,n,0,880,69,1008,0,0,16,Overcast clouds,804,c04n,350,3.2,2.1
2022-03-15T04:00:00,2,-0.7,75,-2.1,0,0,-33.2,0,n,0.25,879,74,1007,0,0,16,Overcast clouds,804,c04n,80,3.2,2.6
2022-03-15T05:00:00,2,-0.2,75,-2.1,0,0,-26,0,n,0.5,878,74,1007,0,0,16,Overcast clouds,804,c04n,50,3.2,2.1
2022-03-15T06:00:00,1,-2.4,75,-3.1,0,0,-17.6,0,n,0,878,74,1007,0,0,16,Overcast clouds,804,c04n,10,3.2,3.1
2022-03-15T07:00:00,0,-1.8,75,-4.1,0,0,-8.5,0,n,0,877,74,1007,0,0,16,Overcast clouds,804,c04n,350,4,1.5
2022-03-15T08:00:00,1,-1.9,75,-3.1,12,60,1,6,d,0,877,74,1007,0,16,16,Overcast clouds,804,c04n,210,5.2,2.6
2022-03-15T09:00:00,3,0,100,-2.1,53,503,10.2,135,d,0,877,69,1006,0,67,16,Overcast clouds,804,c04d,260,5.6,3.1
2022-03-15T10:00:00,5,2.1,100,-3,74,680,19,289,d,0,877,56,1007,0,103,16,Overcast clouds,804,c04d,240,6,3.6
2022-03-15T11:00:00,6,4.4,75,-3.1,88,772,26.6,428,d,0,878,52,1006,0,283,16,Overcast clouds,804,c04d,230,8,2.1
2022-03-15T12:00:00,10,10,55,-5.1,96,824,32.6,535,d,0,881,34,1005,0,472,16,Broken clouds,803,c03d,220,8,5.7
2022-03-15T13:00:00,12,12,45,-9,101,850,36.3,597,d,0,880,22,1004,0,561,16,Broken clouds,803,c03d,270,13,6.7
2022-03-15T14:00:00,12,12,45,-8.5,101,855,37.1,610,d,0,880,23,1003,0,574,16,Broken clouds,803,c03d,260,11,8.2
2022-03-15T15:00:00,12,12,45,-8.5,99,840,34.8,572,d,0,879,23,1002,0,538,16,Broken clouds,803,c03d,270,14,8.2
2022-03-15T16:00:00,12,12,75,-7.4,93,802,29.9,487,d,0,878,25,1003,0,322,16,Overcast clouds,804,c04d,300,14,7.7
2022-03-15T17:00:00,10,10,75,-7.2,82,733,23,362,d,0,879,29,1004,0,239,16,Overcast clouds,804,c04d,280,12,6.7
2022-03-15T18:00:00,9,9,75,-7.2,65,608,14.7,213,d,0,879,31,1005,0,141,16,Overcast clouds,804,c04d,280,13,10.3
2022-03-15T19:00:00,8,8,75,-6.1,38,344,5.7,63,d,0,879,36,1006,0,42,16,Overcast clouds,804,c04d,290,16,9.8
2022-03-15T20:00:00,7,2.5,75,-4.1,0,0,-3.7,0,n,0.25,879,45,1008,0,0,16,Overcast clouds,804,c04n,300,11,8.8
2022-03-15T21:00:00,4,2.1,75,-2.2,0,0,-13,0,n,0,880,64,1010,0,0,11,Overcast clouds,804,c04n,340,5.6,2.1
2022-03-15T22:00:00,3,0.9,75,-2.1,0,0,-21.8,0,n,0,881,69,1010,0,0,16,Overcast clouds,804,c04n,330,5.2,2.1
2022-03-15T23:00:00,4,2.7,75,-3,0,0,-29.6,0,n,0,881,60,1011,0,0,16,Overcast clouds,804,c04n,265,4.4,1.6
2022-03-16T00:00:00,2,-0.7,75,-6.1,0,0,-35.8,0,n,0,882,55,1011,0,0,16,Overcast clouds,804,c04n,200,4.4,2.6
2022-03-16T01:00:00,4,-0.2,75,-8,0,0,-39.5,0,n,0,881,41,1011,0,0,16,Overcast clouds,804,c04n,280,5.7,5.7
2022-03-16T02:00:00,3,-0.3,75,-8,0,0,-40.3,0,n,0,882,44,1011,0,0,16,Overcast clouds,804,c04n,280,4.8,3.6
2022-03-16T03:00:00,3,-1,75,-8,0,0,-37.9,0,n,0,882,44,1012,0,0,16,Overcast clouds,804,c04n,280,6,4.6
2022-03-16T04:00:00,3,-1.2,75,-8,0,0,-32.8,0,n,0,883,44,1012,0,0,16,Overcast clouds,804,c04n,290,9,5.1
2022-03-16T05:00:00,3,-1.9,75,-9.3,0,0,-25.7,0,n,0,883,40,1012,0,0,16,Overcast clouds,804,c04n,300,9,6.7
2022-03-16T06:00:00,3,-0.7,75,-9.3,0,0,-17.2,0,n,0,883,40,1013,0,0,16,Overcast clouds,804,c04n,290,8,4.1
2022-03-16T07:00:00,2,-2.8,45,-10.2,0,0,-8.1,0,n,0,883,40,1014,0,0,16,Broken clouds,803,c03n,290,9,5.7
2022-03-16T08:00:00,2,-3.2,25,-10.2,15,85,1.3,9,d,0,884,40,1014,0,24,16,Scattered clouds,802,c02n,290,10,6.7
2022-03-16T09:00:00,4,-1,45,-10,54,513,10.6,141,d,0,884,35,1015,0,133,16,Broken clouds,803,c03d,290,10,7.7
2022-03-16T10:00:00,5,0.1,45,-10.3,75,685,19.3,295,d,0,885,32,1015,0,277,16,Broken clouds,803,c03d,290,12,8.2
2022-03-16T11:00:00,7,2.5,25,-11.2,88,776,27,434,d,0,886,26,1015,0,430,16,Scattered clouds,802,c02d,300,12,8.8
2022-03-16T12:00:00,8,8,25,-11.3,97,827,33,541,d,0,887,24,1015,0,537,16,Scattered clouds,802,c02d,290,10,6.7
2022-03-16T13:00:00,8,8,25,-13,101,852,36.7,604,d,0,887,21,1015,0,599,16,Scattered clouds,802,c02d,300,10,7.2
2022-03-16T14:00:00,9,9,75,-12.1,102,857,37.5,617,d,0,887,21,1015,0,408,16,Overcast clouds,804,c04d,280,9,6.7
2022-03-16T15:00:00,9,9,75,-11,99,842,35.2,578,d,0,888,23,1015,0,382,16,Overcast clouds,804,c04d,300,9,6.7
2022-03-16T16:00:00,8,8,75,-11.3,93,805,30.2,492,d,0,888,24,1015,0,325,16,Overcast clouds,804,c04d,300,8,5.1
2022-03-16T17:00:00,8,8,75,-12.4,82,736,23.3,367,d,0,887,22,1016,0,243,16,Overcast clouds,804,c04d,280,10,5.1
2022-03-16T18:00:00,8,8,75,-10.3,66,613,15,218,d,0,888,26,1016,0,144,16,Overcast clouds,804,c04d,30,8.4,4.1
2022-03-16T19:00:00,8,8,75,-11.3,39,355,6,67,d,0,888,24,1017,0,44,16,Overcast clouds,804,c04d,320,4.8,1.5
2022-03-16T20:00:00,6,1.9,75,-10.2,0,0,-3.4,0,n,0,888,30,1017,0,0,16,Overcast clouds,804,c04n,300,6.7,6.7
2022-03-16T21:00:00,4,0.9,45,-10,0,0,-12.7,0,n,0,888,35,1018,0,0,16,Broken clouds,803,c03n,290,8,3.6
2022-03-16T22:00:00,4,-0.2,25,-10,0,0,-21.5,0,n,0,888,35,1018,0,0,16,Scattered clouds,802,c02n,290,8,5.7
2022-03-16T23:00:00,4,-0.5,25,-10,0,0,-29.3,0,n,0,888,35,1018,0,0,16,Scattered clouds,802,c02n,290,8,6.2
2022-03-17T00:00:00,3,-1.5,0,-10.2,0,0,-35.4,0,n,0,888,37,1018,0,0,16,Clear Sky,800,c01n,290,9,5.7
2022-03-17T01:00:00,3,-1.9,0,-10.2,0,0,-39.2,0,n,0,888,37,1018,0,0,16,Clear Sky,800,c01n,290,9,6.7
2022-03-17T02:00:00,3,-1.9,1,-10.2,0,0,-39.9,0,n,0,888,37,1018,0,0,16,Clear Sky,800,c01n,280,6.7,6.7
2022-03-17T03:00:00,0,-2.6,0,-12.9,0,0,-37.5,0,n,0,888,37,1019,0,0,16,Clear Sky,800,c01n,220,4.8,2.1
2022-03-17T04:00:00,2,-1.2,2,-10.2,0,0,-32.4,0,n,0,886,40,1018,0,0,16,Few clouds,801,c02n,240,4.4,3.1
2022-03-17T05:00:00,-2,-4,45,-10,0,0,-25.3,0,n,0,887,54,1018,0,0,16,Broken clouds,803,c03n,200,4.4,1.5
2022-03-17T06:00:00,-3,-6.7,25,-9,0,0,-16.9,0,n,0,885,63,1018,0,0,16,Scattered clouds,802,c02n,200,4,2.6
2022-03-17T07:00:00,-2,-6.4,45,-10,0,0,-7.8,0,n,0,884,54,1018,0,0,16,Broken clouds,803,c03n,220,4,3.6
2022-03-17T08:00:00,-1,-5.6,45,-10.1,17,110,1.7,12,d,0,885,50,1018,0,28,16,Broken clouds,803,c03n,220,4.1,4.1
2022-03-17T09:00:00,2,-1.9,45,-10.2,55,522,10.9,147,d,0,885,40,1017,0,138,16,Broken clouds,803,c03d,230,4.8,4.1
2022-03-17T10:00:00,4,0.9,45,-9,76,690,19.7,302,d,0,886,38,1017,0,284,16,Broken clouds,803,c03d,230,5.2,3.6
2022-03-17T11:00:00,5,2.1,75,-8.1,89,779,27.4,441,d,0,886,38,1016,0,292,16,Overcast clouds,804,c04d,190,5.6,3.6
2022-03-17T12:00:00,7,4.3,75,-8.1,97,829,33.4,548,d,0,886,33,1015,0,363,16,Overcast clouds,804,c04d,180,11,4.1
2022-03-17T13:00:00,9,9,75,-9,101,854,37.1,610,d,0,887,27,1015,0,404,16,Overcast clouds,804,c04d,290,11,8.2
2022-03-17T14:00:00,10,10,75,-9.1,102,859,37.8,623,d,0,888,25,1014,0,412,16,Overcast clouds,804,c04d,270,9,6.2
2022-03-17T15:00:00,10,10,75,-9.1,100,844,35.5,584,d,0,887,25,1014,0,386,16,Overcast clouds,804,c04d,290,9,5.7
2022-03-17T16:00:00,11,11,75,-9.3,93,807,30.6,498,d,0,887,23,1012,0,329,16,Overcast clouds,804,c04d,280,9,5.1
2022-03-17T17:00:00,11,11,75,-9.3,83,739,23.6,373,d,0,886,23,1012,0,247,16,Overcast clouds,804,c04d,310,8.4,8.2
2022-03-17T18:00:00,11,11,100,-9.3,67,618,15.3,222,d,0,886,23,1012,0,89,16,Overcast clouds,804,c04d,300,7.7,7.7
2022-03-17T19:00:00,10,10,75,-8.1,40,366,6.2,71,d,0,885,27,1012,0,47,16,Overcast clouds,804,c04d,280,4.1,4.1
2022-03-17T20:00:00,9,9,75,-8.1,0,0,-3.1,0,n,0,885,29,1011,0,0,16,Overcast clouds,804,c04n,280,9,5.7
2022-03-17T21:00:00,7,3.5,75,-7,0,0,-12.4,0,n,0,884,36,1011,0,0,16,Overcast clouds,804,c04n,290,9,5.7
2022-03-17T22:00:00,6,3.3,75,-7.2,0,0,-21.2,0,n,0.25,883,38,1011,0,0,16,Overcast clouds,804,c04n,300,9,3.6
2022-03-17T23:00:00,6,3,100,-7.2,0,0,-29,0,n,0,886,38,1011,0,0,16,Overcast clouds,804,c04n,290,9,4.1
2022-03-18T00:00:00,6,1.9,75,-7.2,0,0,-35.1,0,n,0,883,38,1011,0,0,16,Overcast clouds,804,c04n,290,10,6.7
2022-03-18T01:00:00,5,0.4,75,-7.1,0,0,-38.8,0,n,0,883,41,1011,0,0,16,Overcast clouds,804,c04n,290,11,7.2
2022-03-18T02:00:00,5,0.6,75,-8.1,0,0,-39.5,0,n,0,882,38,1011,0,0,16,Overcast clouds,804,c04n,300,6.7,6.7
2022-03-18T03:00:00,2,-1.6,45,-8.1,0,0,-37.1,0,n,0,883,47,1012,0,0,16,Broken clouds,803,c03n,60,9,3.6
2022-03-18T04:00:00,1,-2.8,75,-7,0,0,-32,0,n,0,882,55,1012,0,0,16,Overcast clouds,804,c04n,20,7,3.6
2022-03-18T05:00:00,0,-1.8,75,-7.9,0,0,-24.9,0,n,0,882,55,1013,0,0,16,Overcast clouds,804,c04n,330,6,1.5
2022-03-18T06:00:00,-1,-2.9,75,-8,0,0,-16.5,0,n,0,882,59,1014,0,0,16,Overcast clouds,804,c04n,330,5.2,1.5
2022-03-18T07:00:00,-3,-4.1,45,-8.1,0,0,-7.4,0,n,0,882,68,1015,0,0,16,Broken clouds,803,c03n,340,3.6,1
2022-03-18T08:00:00,-4,-7.9,25,-8.1,19,135,2,16,d,0,882,73,1016,0,35,16,Scattered clouds,802,c02n,360,3.2,2.6
2022-03-18T09:00:00,1,-1.9,45,-6.1,56,531,11.3,153,d,0,882,59,1016,0,144,16,Broken clouds,803,c03d,350,3.6,2.6
2022-03-18T10:00:00,4,2.1,75,-6,77,694,20,308,d,0,884,48,1016,0,204,16,Overcast clouds,804,c04d,340,3.6,2.1
2022-03-18T11:00:00,5,3.9,75,-6.2,89,782,27.8,448,d,0,886,44,1016,0,296,16,Overcast clouds,804,c04d,120,4.4,1.5
2022-03-18T12:00:00,6,3.6,75,-5,98,832,33.8,554,d,0,886,45,1015,0,367,16,Overcast clouds,804,c04d,170,6,3.1
2022-03-18T13:00:00,6,2.5,75,-5,102,856,37.5,617,d,0,886,45,1015,0,408,16,Overcast clouds,804,c04d,180,6.4,5.1
2022-03-18T14:00:00,7,3.8,75,-5,103,860,38.2,629,d,0,886,42,1014,0,416,16,Overcast clouds,804,c04d,170,7.2,5.1
2022-03-18T15:00:00,8,8,17,-4.1,100,846,35.9,590,d,0,887,42,1013,0,589,16,Few clouds,801,c02d,160,7.6,4.1
2022-03-18T16:00:00,9,9,75,-5.2,94,809,30.9,503,d,0,885,36,1012,0,333,16,Overcast clouds,804,c04d,190,7.6,3.6
2022-03-18T17:00:00,10,10,75,-5.1,83,742,23.9,378,d,0,885,34,1012,0,250,16,Overcast clouds,804,c04d,180,7.6,5.1
2022-03-18T18:00:00,9,9,75,-9.9,67,623,15.6,227,d,0,885,25,1012,0,150,16,Overcast clouds,804,c04d,310,7.2,5.7
2022-03-18T19:00:00,8,8,75,-10.3,41,377,6.5,74,d,0,885,26,1013,0,49,16,Overcast clouds,804,c04d,300,4.6,4.6
2022-03-18T20:00:00,6,1.9,75,-11.1,0,0,-2.9,0,n,0,884,28,1013,0,0,16,Overcast clouds,804,c04n,300,9,6.7
2022-03-18T21:00:00,5,1.8,45,-11.1,0,0,-12.2,0,n,0,883,30,1013,0,0,16,Broken clouds,803,c03n,280,9,4.1
2022-03-18T22:00:00,5,1,25,-11.1,0,0,-20.9,0,n,0,883,30,1012,0,0,16,Scattered clouds,802,c02n,290,5.7,5.7
2022-03-18T23:00:00,4,-0.2,25,-11.2,0,0,-28.6,0,n,0,883,32,1012,0,0,16,Scattered clouds,802,c02n,290,5.7,5.7
2022-03-19T00:00:00,2,-0.7,75,-11.1,0,0,-34.7,0,n,0,883,37,1012,0,0,16,Overcast clouds,804,c04n,200,3.2,2.6
2022-03-19T01:00:00,1,-0.6,75,-10.1,0,0,-38.4,0,n,0,882,43,1012,0,0,16,Overcast clouds,804,c04n,200,3.2,1.5
2022-03-19T02:00:00,1,-0.6,75,-10.1,0,0,-39.1,0,n,0,881,43,1012,0,0,16,Overcast clouds,804,c04n,200,3.2,1.5
2022-03-19T03:00:00,1,-0.6,75,-9,0,0,-36.7,0,n,0,881,47,1011,0,0,16,Overcast clouds,804,c04n,260,3.2,1.5
2022-03-19T04:00:00,0,-1.8,75,-9.9,0,0,-31.6,0,n,0,881,47,1011,0,0,16,Overcast clouds,804,c04n,180,3.6,1.5
2022-03-19T05:00:00,-2,-4,75,-9.1,0,0,-24.5,0,n,0,880,58,1011,0,0,16,Overcast clouds,804,c04n,210,4,1.5
2022-03-19T06:00:00,-3,-6.5,75,-9,0,0,-16.1,0,n,0,879,63,1011,0,0,16,Overcast clouds,804,c04n,205,4,2.4
2022-03-19T07:00:00,-3,-6.5,75,-9,0,0,-7,0,n,0,878,63,1011,0,0,16,Overcast clouds,804,c04n,205,4.4,2.4
2022-03-19T08:00:00,-2,-4.8,75,-8.1,22,160,2.4,19,d,0,878,63,1011,0,35,16,Overcast clouds,804,c04n,200,4.4,2
2022-03-19T09:00:00,-1,-3.6,75,-7.1,57,540,11.7,159,d,0,878,63,1010,0,105,16,Overcast clouds,804,c04d,195,5.2,2
2022-03-19T10:00:00,3,1.5,75,-6.1,77,699,20.4,315,d,0,879,51,1009,0,208,16,Overcast clouds,804,c04d,195,5.2,1.6
2022-03-19T11:00:00,6,5.1,75,-6.2,90,785,28.1,454,d,0,880,41,1008,0,300,16,Overcast clouds,804,c04d,190,5.2,1.5
2022-03-19T12:00:00,7,4.8,75,-7,98,834,34.2,561,d,0,881,36,1008,0,371,16,Overcast clouds,804,c04d,180,5.6,3.1
2022-03-19T13:00:00,9,9,75,-7.2,102,858,37.9,623,d,0,881,31,1007,0,412,16,Overcast clouds,804,c04d,190,6.8,4.1
2022-03-19T14:00:00,9,9,75,-8.1,103,862,38.6,635,d,0,881,29,1007,0,420,16,Overcast clouds,804,c04d,180,7.6,3.6
2022-03-19T15:00:00,10,10,75,-7.2,100,848,36.3,596,d,0,880,29,1005,0,394,16,Overcast clouds,804,c04d,130,7.2,3.1
2022-03-19T16:00:00,10,10,75,-6.3,94,812,31.2,509,d,0,880,31,1005,0,337,16,Overcast clouds,804,c04d,180,6.4,2.6
2022-03-19T17:00:00,12,12,75,-5,84,745,24.2,383,d,0,879,30,1004,0,253,16,Overcast clouds,804,c04d,140,6.4,5.7
2022-03-19T18:00:00,11,11,75,-7.3,68,627,15.9,232,d,0,880,27,1004,0,153,16,Overcast clouds,804,c04d,110,4.4,3.1
2022-03-19T19:00:00,11,11,75,-7.3,42,387,6.8,78,d,0,879,27,1004,0,52,16,Overcast clouds,804,c04d,310,3.6,3.6
2022-03-19T20:00:00,7,5.2,75,-5,0,0,-2.6,0,n,0,878,42,1004,0,0,16,Overcast clouds,804,c04n,330,3.6,2.6
2022-03-19T21:00:00,4,2.1,75,-5.2,0,0,-11.9,0,n,0,876,51,1004,0,0,16,Overcast clouds,804,c04n,350,4,2.1
2022-03-19T22:00:00,6,5.8,75,-5,0,0,-20.6,0,n,0,875,45,1004,0,0,16,Overcast clouds,804,c04n,325,5.2,1
2022-03-19T23:00:00,5,3.3,75,-6.2,0,0,-28.3,0,n,0,876,44,1003,0,0,16,Overcast clouds,804,c04n,300,5.2,2.1
2022-03-20T00:00:00,4,1.8,75,-6,0,0,-34.4,0,n,0,875,48,1003,0,0,16,Overcast clouds,804,c04n,300,5.2,2.4
2022-03-20T01:00:00,5,2.1,75,-5.1,0,0,-38,0,n,0,875,48,1002,0,0,16,Overcast clouds,804,c04n,300,5.2,3.6
2022-03-20T02:00:00,4,0.6,75,-2.2,0,0,-38.7,0,n,0,876,64,1002,0,0,16,Overcast clouds,804,c04n,290,9,4.1
2022-03-20T03:00:00,4,-0.5,45,-4.2,0,0,-36.3,0,n,0,875,55,1003,0,0,16,Broken clouds,803,c03n,290,9,6.2
2022-03-20T04:00:00,4,0,75,-4.2,0,0,-31.2,0,n,0,875,55,1004,0,0,16,Overcast clouds,804,c04n,290,8,5.1
2022-03-20T05:00:00,1,-5.3,75,-1.1,0,0,-24.2,0,n,0,876,86,1005,0,0,16,Overcast clouds,804,c04n,330,13,8.8
2022-03-20T06:00:00,1,-4.7,100,-1.1,0,0,-15.8,0,n,0,877,86,1007,0,0,2,Haze,721,a03n,330,10,7.2
2022-03-20T07:00:00,0,-6.6,100,-2.1,0,0,-6.7,0,n,0.5,877,86,1008,3.5,0,2,Flurries,623,s06n,340,11,8.8
2022-03-20T08:00:00,-1,-8.5,100,-2.1,24,183,2.7,23,d,0.75,878,92,1009,12.75,26,2,Light snow,600,s01n,340,12,10.3
2022-03-20T09:00:00,-1,-8.8,100,-3,58,548,12,165,d,0,879,86,1012,0,75,5,Overcast clouds,804,c04d,340,16,11.3
2022-03-20T10:00:00,-1,-9.1,100,-4,78,704,20.8,321,d,0,879,80,1012,0,110,16,Overcast clouds,804,c04d,350,16,12.4
2022-03-20T11:00:00,0,-6.8,100,-3,90,788,28.5,461,d,0,880,80,1013,0,136,16,Overcast clouds,804,c04d,340,13,9.3
2022-03-20T12:00:00,1,-5.3,100,-7,98,836,34.6,567,d,0,881,55,1014,0,155,16,Overcast clouds,804,c04d,340,11,8.8
2022-03-20T13:00:00,2,-3.8,75,-8.1,103,860,38.3,629,d,0,882,47,1014,0,416,16,Overcast clouds,804,c04d,340,11,8.2
2022-03-20T14:00:00,4,-1,75,-7.1,103,864,39,641,d,0,883,44,1014,0,424,16,Overcast clouds,804,c04d,350,11,7.7
2022-03-20T15:00:00,5,-0.2,75,-10.3,101,850,36.6,601,d,0,884,32,1014,0,398,16,Overcast clouds,804,c04d,350,10,9.3
2022-03-20T16:00:00,5,1,75,-10.3,95,814,31.5,514,d,0,884,32,1014,0,340,16,Overcast clouds,804,c04d,330,8,5.7
2022-03-20T17:00:00,4,-0.2,75,-7.1,84,748,24.5,388,d,0,885,44,1015,0,257,16,Overcast clouds,804,c04d,350,8.4,5.7
2022-03-20T18:00:00,5,2.4,75,-6.2,68,632,16.1,237,d,0,885,44,1015,0,157,16,Overcast clouds,804,c04d,330,7.6,3.1
2022-03-20T19:00:00,3,0.9,75,-8,43,397,7,82,d,0,886,44,1016,0,54,16,Overcast clouds,804,c04d,320,7,2.1
2022-03-20T20:00:00,3,-1,75,-15.1,0,0,-2.3,0,n,0,885,25,1017,0,0,16,Overcast clouds,804,c04n,290,7,4.6
2022-03-20T21:00:00,2,-3.2,25,-15,0,0,-11.6,0,n,0,886,27,1017,0,0,16,Scattered clouds,802,c02n,290,9,6.7
2022-03-20T22:00:00,1,-4,25,-15,0,0,-20.3,0,n,0,886,29,1018,0,0,16,Scattered clouds,802,c02n,280,5.7,5.7
2022-03-20T23:00:00,1,-3.7,25,-15,0,0,-28,0,n,0,885,29,1018,0,0,16,Scattered clouds,802,c02n,290,9,5.1
2022-03-21T00:00:00,1,-4.3,25,-15,0,0,-34,0,n,0,886,29,1018,0,0,16,Scattered clouds,802,c02n,290,9,6.2
2022-03-21T01:00:00,0,-5.3,25,-15.9,0,0,-37.6,0,n,0,885,29,1018,0,0,16,Scattered clouds,802,c02n,280,8,5.7
2022-03-21T02:00:00,1,-3.7,45,-14.2,0,0,-38.3,0,n,0,885,31,1018,0,0,16,Broken clouds,803,c03n,280,8,5.1
2022-03-21T03:00:00,1,-3.4,45,-14.2,0,0,-35.9,0,n,0,891,31,1018,0,0,16,Broken clouds,803,c03n,290,8,4.6
2022-03-21T04:00:00,1,-3.7,25,-13.1,0,0,-30.8,0,n,0,886,34,1018,0,0,16,Scattered clouds,802,c02n,280,9,5.1
2022-03-21T05:00:00,1,-2.8,98,-13.1,0,0,-23.8,0,n,0,892,34,1018,0,0,16,Overcast clouds,804,c04n,280,7,3.6
2022-03-21T06:00:00,1,-4,25,-12,0,0,-15.4,0,n,0,905,37,1018,0,0,16,Scattered clouds,802,c02n,290,8,5.7
2022-03-21T07:00:00,1,-4,25,-12,0,0,-6.3,0,n,0,886,37,1018,0,0,16,Scattered clouds,802,c02n,280,9,5.7
2022-03-21T08:00:00,2,-3,25,-12.2,25,205,3.1,27,d,0,886,34,1018,0,27,16,Scattered clouds,802,c02n,290,10,6.2
2022-03-21T09:00:00,3,-2.1,5,-11.3,59,556,12.4,171,d,0,893,34,1019,0,171,16,Few clouds,801,c02d,290,10,7.2
2022-03-21T10:00:00,5,0.4,25,-11.1,78,708,21.2,328,d,0,887,30,1019,0,325,16,Scattered clouds,802,c02d,280,12,7.2
2022-03-21T11:00:00,6,1.6,75,-11.1,91,791,28.9,468,d,0,889,28,1019,0,310,16,Overcast clouds,804,c04d,290,11,7.7
2022-03-21T12:00:00,7,2.7,75,-11.2,99,838,35,574,d,0,889,26,1019,0,380,16,Overcast clouds,804,c04d,290,10,8.2
2022-03-21T13:00:00,9,9,45,-9.9,103,862,38.7,635,d,0,889,25,1018,0,597,16,Broken clouds,803,c03d,290,9,6.2
2022-03-21T14:00:00,9,9,75,-11,104,866,39.4,647,d,0,890,23,1018,0,428,16,Overcast clouds,804,c04d,310,9,6.7
2022-03-21T15:00:00,10,10,25,-11.3,101,851,37,607,d,0,890,21,1018,0,602,16,Scattered clouds,802,c02d,290,9,6.2
2022-03-21T16:00:00,11,11,25,-10.5,95,816,31.9,520,d,0,890,21,1018,0,516,16,Scattered clouds,802,c02d,280,11,5.7
2022-03-21T17:00:00,10,10,75,-11.3,85,751,24.8,393,d,0,891,21,1018,0,260,16,Overcast clouds,804,c04d,290,12,8.8
2022-03-21T18:00:00,10,10,75,-10.1,69,636,16.4,242,d,0,891,23,1019,0,160,16,Overcast clouds,804,c04d,280,12,6.2
2022-03-21T19:00:00,9,9,75,-9.9,44,407,7.3,86,d,0,898,25,1020,0,57,16,Overcast clouds,804,c04d,290,10,5.7
2022-03-21T20:00:00,7,3.4,75,-9.4,0,0,-2.1,0,n,0,892,30,1021,0,0,16,Overcast clouds,804,c04n,300,8,6.2
2022-03-21T21:00:00,5,3.9,25,-8.1,0,0,-11.4,0,n,0,891,38,1022,0,0,16,Scattered clouds,802,c02n,310,6.8,1.5
2022-03-21T22:00:00,4,0.9,25,-9,0,0,-20,0,n,0,892,38,1023,0,0,16,Scattered clouds,802,c02n,300,6.8,3.6
2022-03-21T23:00:00,4,0.6,25,-9,0,0,-27.7,0,n,0,892,38,1023,0,0,16,Scattered clouds,802,c02n,310,6.4,4.1
2022-03-22T00:00:00,2,1.4,5,-9.2,0,0,-33.7,0,n,0,892,43,1024,0,0,16,Few clouds,801,c02n,165,5.6,1
2022-03-22T01:00:00,1,-2.4,5,-8,0,0,-37.3,0,n,0,892,51,1025,0,0,16,Few clouds,801,c02n,20,6,3.1
2022-03-22T02:00:00,4,-0.2,75,-8,0,0,-37.9,0,n,0,892,41,1025,0,0,16,Overcast clouds,804,c04n,300,5.7,5.7
2022-03-22T03:00:00,5,1,45,-9.2,0,0,-35.5,0,n,0,894,35,1025,0,0,16,Broken clouds,803,c03n,290,7,5.7
2022-03-22T04:00:00,5,1.5,100,-9.2,0,0,-30.4,0,n,0,899,35,1025,0,0,16,Overcast clouds,804,c04n,280,7,4.6
2022-03-22T05:00:00,1,0.3,100,-9,0,0,-23.4,0,n,0,899,47,1026,0,0,16,Overcast clouds,804,c04n,235,4.4,1
2022-03-22T06:00:00,2,0.5,75,-8.1,0,0,-15.1,0,n,0,894,47,1026,0,0,16,Overcast clouds,804,c04n,190,4,1.5
2022-03-22T07:00:00,2,-0.2,100,-8.1,0,0,-6,0,n,0,894,47,1026,0,0,16,Overcast clouds,804,c04n,240,3.6,2.1
2022-03-22T08:00:00,1,-1.9,75,-8,27,226,3.4,32,d,0,894,51,1027,0,48,16,Overcast clouds,804,c04n,210,4,2.6
2022-03-22T09:00:00,1,-1.9,75,-6.1,60,564,12.7,177,d,0,894,59,1027,0,117,16,Overcast clouds,804,c04d,200,4.8,2.6
2022-03-22T10:00:00,5,3.9,75,-8.1,79,713,21.5,334,d,0,894,38,1026,0,221,16,Overcast clouds,804,c04d,200,5.2,1.5
2022-03-22T11:00:00,7,4.8,75,-8.1,91,794,29.3,474,d,0,895,33,1025,0,314,16,Overcast clouds,804,c04d,180,6.4,3.1
2022-03-22T12:00:00,10,10,75,-7.2,99,841,35.4,580,d,0,896,29,1025,0,384,16,Overcast clouds,804,c04d,190,7,5.7
2022-03-22T13:00:00,11,11,98,-7.3,103,863,39.1,642,d,0,897,27,1024,0,206,16,Overcast clouds,804,c04d,190,7,3.6
2022-03-22T14:00:00,12,12,75,-6.4,104,867,39.8,653,d,0,896,27,1023,0,432,16,Overcast clouds,804,c04d,170,7.2,4.6
2022-03-22T15:00:00,14,14,75,-6.2,101,853,37.3,613,d,0,896,24,1022,0,406,16,Overcast clouds,804,c04d,190,6.8,4.6
2022-03-22T16:00:00,15,15,75,-5.4,95,818,32.2,525,d,0,896,24,1022,0,347,16,Overcast clouds,804,c04d,170,6.8,4.1
2022-03-22T17:00:00,14,14,75,-4.2,85,754,25.1,398,d,0,896,28,1021,0,263,16,Overcast clouds,804,c04d,180,6.4,5.1
2022-03-22T18:00:00,14,14,75,-3.3,69,641,16.7,246,d,0,896,30,1021,0,163,16,Overcast clouds,804,c04d,270,7,3.1
2022-03-22T19:00:00,13,13,75,-2.1,45,416,7.6,91,d,0,896,35,1021,0,60,16,Overcast clouds,804,c04d,280,7,5.1
2022-03-22T20:00:00,13,13,100,-2.1,0,0,-1.8,0,n,0,895,35,1021,0,0,16,Overcast clouds,804,c04n,280,8,5.1
2022-03-22T21:00:00,12,12,100,-3,0,0,-11.1,0,n,0,895,35,1021,0,0,16,Overcast clouds,804,c04n,280,8,5.1
2022-03-22T22:00:00,11,11,100,-3.1,0,0,-19.8,0,n,0,894,37,1021,0,0,16,Overcast clouds,804,c04n,280,5.6,3.2
2022-03-22T23:00:00,12,12,75,-3,0,0,-27.4,0,n,0.5,894,35,1020,0,0,16,Overcast clouds,804,c04n,280,6,4.1
2022-03-23T00:00:00,8,8,75,-3.2,0,0,-33.3,0,n,0.5,894,45,1020,0,0,16,Overcast clouds,804,c04n,180,6,2.6
2022-03-23T01:00:00,6,4,75,-3.1,0,0,-36.9,0,n,0.25,892,52,1019,0,0,16,Overcast clouds,804,c04n,210,6.8,2.6
2022-03-23T02:00:00,9,9,45,-3.2,0,0,-37.5,0,n,0,891,42,1019,0,0,16,Broken clouds,803,c03n,150,6.8,1.5
2022-03-23T03:00:00,7,6.9,45,-3.2,0,0,-35.1,0,n,0,891,48,1018,0,0,16,Broken clouds,803,c03n,165,6.4,1
2022-03-23T04:00:00,6,3.6,25,-3.1,0,0,-30,0,n,0,890,52,1017,0,0,16,Scattered clouds,802,c02n,175,6.4,3.2
2022-03-23T05:00:00,2,1.4,25,-5.2,0,0,-23,0,n,0,889,59,1017,0,0,16,Scattered clouds,802,c02n,190,6,1
2022-03-23T06:00:00,2,-0.2,75,-4.1,0,0,-14.7,0,n,0,887,64,1016,0,0,16,Overcast clouds,804,c04n,200,6,2.1
2022-03-23T07:00:00,3,-0.1,75,-3.1,0,0,-5.6,0,n,0,886,64,1015,0,0,16,Overcast clouds,804,c04n,180,5.6,3.2
2022-03-23T08:00:00,4,2.1,75,-3,29,247,3.8,36,d,0,886,60,1016,0,53,16,Overcast clouds,804,c04n,160,5.2,2.1
2022-03-23T09:00:00,8,8,75,-3.2,61,572,13.1,183,d,0.25,887,45,1014,0,121,16,Overcast clouds,804,c04d,160,4.8,1.5
2022-03-23T10:00:00,8,8,75,-3.2,80,717,21.9,341,d,0.25,888,45,1015,0,226,16,Overcast clouds,804,c04d,185,4.4,1
2022-03-23T11:00:00,8.5,8.5,75,-2.7,92,797,29.7,481,d,0.5,888,45,1014,0,318,16,Overcast clouds,804,c04d,205,4.4,2.5
2022-03-23T12:00:00,9,9,75,-2,100,843,35.8,586,d,0.5,888,46,1013,0,388,16,Overcast clouds,804,c04d,230,4.1,4.1
2022-03-23T13:00:00,11,11,75,-3.1,104,865,39.5,648,d,0.25,887,37,1013,0,429,16,Overcast clouds,804,c04d,230,5.2,3.1
2022-03-23T14:00:00,12,12,75,-3,104,869,40.2,659,d,0,887,35,1012,0,436,16,Overcast clouds,804,c04d,220,5.6,2.1
2022-03-23T15:00:00,13,13,75,-3.3,102,855,37.7,618,d,0,887,32,1011,0,409,16,Overcast clouds,804,c04d,200,5.6,3.6
2022-03-23T16:00:00,17,17,75,-6.1,96,820,32.5,530,d,0,887,20,1010,0,351,16,Overcast clouds,804,c04d,340,14,3.1
2022-03-23T17:00:00,18,18,75,-8.2,86,756,25.4,404,d,0,888,16,1009,0,267,16,Overcast clouds,804,c04d,280,14,6.2
2022-03-23T18:00:00,18,18,75,-8.2,70,645,17,251,d,0,887,16,1009,0,166,16,Overcast clouds,804,c04d,290,12,8.2
2022-03-23T19:00:00,17,17,75,-7.5,45,425,7.8,95,d,0,887,18,1008,0,63,16,Overcast clouds,804,c04d,300,8,5.7
2022-03-23T20:00:00,13,13,75,-5.1,0,0,-1.6,0,n,0,886,28,1009,0,0,16,Overcast clouds,804,c04n,300,9,6.2
2022-03-23T21:00:00,11,11,25,-4.2,0,0,-10.8,0,n,0.25,884,34,1008,0,0,16,Scattered clouds,802,c02n,310,9,6.2
2022-03-23T22:00:00,12,12,25,-4.2,0,0,-19.5,0,n,0.25,883,32,1007,0,0,16,Scattered clouds,802,c02n,300,8,5.1
2022-03-23T23:00:00,5,-0.7,25,-1,0,0,-27.1,0,n,0.75,883,65,1011,0,0,11,Light rain,500,r01n,360,14,11.3
2022-03-24T00:00:00,4,-2.1,75,-1.2,0,0,-33,0,n,0.25,905,69,1012,0,0,11,Overcast clouds,804,c04n,360,15,11.3
2022-03-24T01:00:00,0,-8.4,75,-5,0,0,-36.5,0,n,0.75,883,69,1015,5.25,0,1,Light snow,600,s01n,360,20,14.9
2022-03-24T02:00:00,0,-7.4,100,-2.1,0,0,-37.1,0,n,0.5,905,86,1016,3.5,0,11,Flurries,623,s06n,360,16,11.3
2022-03-24T03:00:00,0,-6.6,100,-2.1,0,0,-34.7,0,n,0,885,86,1017,0,0,11,Overcast clouds,804,c04n,350,12,8.8
2022-03-24T04:00:00,0,-6.6,75,-3,0,0,-29.7,0,n,0,886,80,1017,0,0,11,Overcast clouds,804,c04n,350,12,8.8
2022-03-24T05:00:00,1,-4.5,75,-6.1,0,0,-22.6,0,n,0,886,59,1018,0,0,11,Overcast clouds,804,c04n,340,10,6.7
2022-03-24T06:00:00,0,-6,79,-9.7,0,0,-14.3,0,n,0,894,48,1019,0,0,11,Overcast clouds,804,c04n,330,10,7.2
2022-03-24T07:00:00,1,-4,75,-7,0,0,-5.3,0,n,0,888,55,1020,0,0,16,Overcast clouds,804,c04n,350,10,5.7
2022-03-24T08:00:00,0,-4.7,75,-7.9,31,266,4.1,41,d,0,890,55,1022,0,58,16,Overcast clouds,804,c04n,330,9.6,4.6
2022-03-24T09:00:00,1,-3.7,75,-7,62,579,13.5,189,d,0,890,55,1023,0,125,16,Overcast clouds,804,c04d,320,10,5.1
2022-03-24T10:00:00,2,-2.8,75,-7.1,80,721,22.3,347,d,0,891,51,1024,0,230,16,Overcast clouds,804,c04d,340,9,5.7
2022-03-24T11:00:00,3,-2.1,45,-9.3,92,800,30.1,487,d,0,892,40,1024,0,458,16,Broken clouds,803,c03d,340,9,7.2
2022-03-24T12:00:00,4,0,45,-11.2,100,845,36.2,593,d,0,893,32,1024,0,558,16,Broken clouds,803,c03d,360,8,5.1
2022-03-24T13:00:00,5,2.8,45,-11.1,104,867,39.9,654,d,0,893,30,1025,0,615,16,Broken clouds,803,c03d,90,10,2.6
2022-03-24T14:00:00,2,-3.4,75,-5.2,105,871,40.6,665,d,0,894,59,1026,0,440,16,Overcast clouds,804,c04d,300,11,7.2
2022-03-24T15:00:00,4,-0.5,75,-7.1,102,856,38.1,624,d,0,893,44,1026,0,413,16,Overcast clouds,804,c04d,350,8,6.2
2022-03-24T16:00:00,3,-1,75,-9.3,96,822,32.9,536,d,0,902,40,1026,0,355,16,Overcast clouds,804,c04d,290,7,4.6
2022-03-24T17:00:00,4,-0.2,100,-11.2,86,759,25.7,409,d,0,894,32,1027,0,127,16,Overcast clouds,804,c04d,10,10,5.7
2022-03-24T18:00:00,3,1.7,100,-10.2,71,649,17.2,256,d,0,895,37,1027,0,97,16,Overcast clouds,804,c04d,320,8.4,1.5
2022-03-24T19:00:00,4,3.6,75,-12,46,434,8.1,99,d,0,895,30,1027,0,65,16,Overcast clouds,804,c04d,245,5.2,1
2022-03-24T20:00:00,2,1.4,25,-12.2,0,0,-1.3,0,n,0,895,34,1027,0,0,16,Scattered clouds,802,c02n,170,3.6,1
2022-03-24T21:00:00,1,-0.6,25,-12,0,0,-10.5,0,n,0,894,37,1027,0,0,16,Scattered clouds,802,c02n,100,2.4,1.5
2022-03-24T22:00:00,0,-2.6,5,-12.9,0,0,-19.2,0,n,0,894,37,1028,0,0,16,Few clouds,801,c02n,180,2.4,2.1
2022-03-24T23:00:00,-1,-3.6,5,-10.1,0,0,-26.8,0,n,0,893,50,1028,0,0,16,Few clouds,801,c02n,200,3.2,2
2022-03-25T00:00:00,-2,-3,5,-10,0,0,-32.6,0,n,0,893,54,1028,0,0,16,Few clouds,801,c02n,220,3.6,1
2022-03-25T01:00:00,-3,-6.5,7,-10.1,0,0,-36.1,0,n,0,893,58,1027,0,0,16,Few clouds,801,c02n,210,4.4,2.4
2022-03-25T02:00:00,-3,-4.1,25,-9,0,0,-36.7,0,n,0,892,63,1027,0,0,16,Scattered clouds,802,c02n,200,4.8,1
2022-03-25T03:00:00,-5,-6.4,25,-10.2,0,0,-34.3,0,n,0,891,67,1027,0,0,16,Scattered clouds,802,c02n,210,4.8,1
2022-03-25T04:00:00,-4,-8.1,100,-9,0,0,-29.3,0,n,0,898,68,1026,0,0,16,Overcast clouds,804,c04n,205,4.8,2.8
2022-03-25T05:00:00,-6,-10.5,100,-10,0,0,-22.3,0,n,0,890,73,1026,0,0,16,Overcast clouds,804,c04n,195,4.4,2.8
2022-03-25T06:00:00,-4,-7.9,75,-8.1,0,0,-14,0,n,0,888,73,1025,0,0,16,Overcast clouds,804,c04n,190,4.8,2.6
2022-03-25T07:00:00,-4,-7.9,75,-7.1,0,0,-4.9,0,n,0,889,79,1024,0,0,16,Overcast clouds,804,c04n,180,5.2,2.6
2022-03-25T08:00:00,-4,-7.9,75,-6.1,32,284,4.5,45,d,0,888,85,1024,0,62,16,Overcast clouds,804,c04n,170,5.6,2.6
2022-03-25T09:00:00,-3,-7.6,100,-5,63,586,13.8,195,d,0,888,86,1023,0,83,16,Overcast clouds,804,c04d,180,6.4,3.6
2022-03-25T10:00:00,-1,-4.3,75,-5,81,725,22.6,354,d,0,888,74,1023,0,234,16,Overcast clouds,804,c04d,190,7,2.6
2022-03-25T11:00:00,1,-1.9,100,-5,93,802,30.5,493,d,0,889,64,1023,0,142,16,Overcast clouds,804,c04d,160,7,2.6
2022-03-25T12:00:00,2,-1.9,100,-5.2,100,847,36.6,599,d,0,890,59,1023,0,160,16,Overcast clouds,804,c04d,200,8.8,4.1
2022-03-25T13:00:00,3,-0.7,75,-5.1,104,869,40.3,660,d,0,890,55,1022,0,437,16,Overcast clouds,804,c04d,150,7,4.1
2022-03-25T14:00:00,4,0.3,75,-4.2,105,872,41,670,d,0,889,55,1021,0,443,16,Overcast clouds,804,c04d,170,7,4.6
2022-03-25T15:00:00,6,1.9,75,-5,102,858,38.4,629,d,0,890,45,1020,0,416,16,Overcast clouds,804,c04d,170,9,6.7
2022-03-25T16:00:00,8,8,45,-5.1,96,824,33.2,541,d,0,890,39,1020,0,509,16,Broken clouds,803,c03d,190,7.2,4.6
2022-03-25T17:00:00,8,8,45,-6.1,86,762,26,414,d,0,890,36,1020,0,389,16,Broken clouds,803,c03d,170,6.8,4.6
2022-03-25T18:00:00,9,9,25,-7.2,71,653,17.5,260,d,0,890,31,1019,0,258,16,Scattered clouds,802,c02d,160,7.2,5.1
2022-03-25T19:00:00,7,3.8,45,-7,47,443,8.3,103,d,0,890,36,1019,0,97,16,Broken clouds,803,c03d,150,6,5.1
2022-03-25T20:00:00,7,4.3,75,-7,0,0,-1.1,0,n,0,889,36,1019,0,0,16,Overcast clouds,804,c04n,150,4.4,4.1
2022-03-25T21:00:00,5,0.6,75,-7.1,0,0,-10.3,0,n,0.5,889,41,1019,0,0,16,Overcast clouds,804,c04n,130,7,6.7
2022-03-25T22:00:00,2,-1.9,75,-9.2,0,0,-18.9,0,n,0.5,888,43,1019,0,0,16,Overcast clouds,804,c04n,150,7,4.1
2022-03-25T23:00:00,1,-1.9,75,-10.1,0,0,-26.4,0,n,0.25,887,43,1019,0.5,0,16,Mix snow/rain,610,s04n,160,5.2,2.6
2022-03-26T00:00:00,0,-3.6,75,-11.1,0,0,-32.3,0,n,0,887,43,1019,0,0,16,Overcast clouds,804,c04n,130,4.8,3.1
2022-03-26T01:00:00,0,-5.3,75,-9.2,0,0,-35.8,0,n,0,886,50,1019,0,0,16,Overcast clouds,804,c04n,140,5.7,5.7
2022-03-26T02:00:00,-2,-5.5,100,-8.1,0,0,-36.3,0,n,0,892,63,1020,0,0,16,Overcast clouds,804,c04n,90,2.8,2.6
2022-03-26T03:00:00,-4,-6.5,75,-8.1,0,0,-33.9,0,n,0,886,73,1019,0,0,16,Overcast clouds,804,c04n,220,2.8,1.6
2022-03-26T04:00:00,-3,-4.1,45,-8.1,0,0,-28.9,0,n,0,885,68,1019,0,0,16,Broken clouds,803,c03n,350,2.8,1
2022-03-26T05:00:00,-5,-8.4,20,-9.1,0,0,-21.9,0,n,0,885,73,1019,0,0,16,Few clouds,801,c02n,50,2.8,2.1
2022-03-26T06:00:00,-6,-9.6,25,-9,0,0,-13.6,0,n,0,884,79,1020,0,0,16,Scattered clouds,802,c02n,40,2.8,2.1
2022-03-26T07:00:00,-6,-9.6,45,-9,0,0,-4.6,0,n,0,884,79,1020,0,0,16,Broken clouds,803,c03n,10,2.8,2.1
2022-03-26T08:00:00,-5,-7.5,75,-7.1,34,302,4.8,50,d,0,884,85,1021,0,67,16,Overcast clouds,804,c04n,30,2.8,1.5
2022-03-26T09:00:00,-4,-6.3,75,-6.1,64,593,14.2,202,d,0,886,85,1021,0,134,16,Overcast clouds,804,c04d,70,4,1.5
2022-03-26T10:00:00,-3,-5.2,100,-5,81,729,23,360,d,0,885,86,1020,0,117,16,Overcast clouds,804,c04d,150,4,1.5
2022-03-26T11:00:00,-1,-1.9,97,-6.1,93,805,30.8,500,d,0,893,68,1021,0,94,16,Overcast clouds,804,c04d,100,4.8,1
2022-03-26T12:00:00,1,-1.4,75,-6.1,101,849,37,605,d,0,887,59,1020,0,400,16,Overcast clouds,804,c04d,50,6,2.1
2022-03-26T13:00:00,2,-1.2,75,-5.6,105,870,40.7,666,d,0,887,57,1020,0,441,16,Overcast clouds,804,c04d,150,7.2,3.1
2022-03-26T14:00:00,3,-1,75,-5.1,105,874,41.3,676,d,0,887,55,1019,0,447,16,Overcast clouds,804,c04d,110,8,4.6
2022-03-26T15:00:00,4,0.6,75,-5.2,103,860,38.8,635,d,0,887,51,1019,0,420,16,Overcast clouds,804,c04d,160,8,4.1
2022-03-26T16:00:00,5,1.8,75,-6.2,97,825,33.5,546,d,0,887,44,1018,0,361,16,Overcast clouds,804,c04d,150,8.4,4.1
2022-03-26T17:00:00,6,2.3,75,-6.2,87,764,26.3,419,d,0,887,41,1017,0,277,16,Overcast clouds,804,c04d,140,8,5.7
2022-03-26T18:00:00,6,2.8,75,-6.2,72,657,17.8,265,d,0,887,41,1017,0,175,16,Overcast clouds,804,c04d,120,7.6,4.6
2022-03-26T19:00:00,5,1.8,75,-6.2,48,451,8.6,107,d,0,887,44,1017,0,71,16,Overcast clouds,804,c04d,120,5.6,4.1
2022-03-26T20:00:00,4,0.3,75,-6,0,0,-0.8,0,n,0,886,48,1017,0,0,16,Overcast clouds,804,c04n,110,4.6,4.6
2022-03-26T21:00:00,4,1.2,75,-6,0,0,-10,0,n,0,885,48,1016,0,0,16,Overcast clouds,804,c04n,150,4.4,3.1
2022-03-26T22:00:00,2,-0.7,75,-7.1,0,0,-18.6,0,n,0,885,51,1016,0,0,16,Overcast clouds,804,c04n,180,4.4,2.6
2022-03-26T23:00:00,3,1.7,25,-6.1,0,0,-26.1,0,n,0,884,51,1015,0,0,16,Scattered clouds,802,c02n,210,4,1.5
2022-03-27T00:00:00,1,-1.7,45,-7,0,0,-31.9,0,n,0,884,55,1015,0,0,16,Broken clouds,803,c03n,150,3.6,2.4
2022-03-27T01:00:00,-2,-4,100,-7.1,0,0,-35.4,0,n,0,883,68,1015,0,0,16,Overcast clouds,804,c04n,90,2.8,1.5
2022-03-27T02:00:00,-2,-4,25,-7.1,0,0,-35.9,0,n,0,881,68,1014,0,0,16,Scattered clouds,802,c02n,330,2.4,1.5
2022-03-27T03:00:00,-2,-5.5,25,-6,0,0,-33.5,0,n,0,881,74,1014,0,0,16,Scattered clouds,802,c02n,180,2.6,2.6
2022-03-27T04:00:00,-3,-4.1,45,-7.1,0,0,-28.5,0,n,0,881,73,1013,0,0,16,Broken clouds,803,c03n,210,2.4,1
2022-03-27T05:00:00,-3,-5.3,75,-7.1,0,0,-21.5,0,n,0,880,73,1013,0,0,16,Overcast clouds,804,c04n,240,2.4,1.6
2022-03-27T06:00:00,-2,-4.2,75,-6,0,0,-13.3,0,n,0.25,880,74,1013,5,0,16,Flurries,623,s06n,270,2.4,1.6
2022-03-27T07:00:00,-1,-2.4,75,-5,0,0,-4.2,0,n,0.25,880,74,1013,4.25,0,16,Flurries,623,s06n,300,2.4,1.2
2022-03-27T08:00:00,-3,-4.1,45,-6.1,35,319,5.2,55,d,0,881,79,1014,0,52,16,Broken clouds,803,c03d,330,2.4,1
2022-03-27T09:00:00,0,-2.6,75,-3.2,64,600,14.5,208,d,0,880,79,1013,0,138,16,Overcast clouds,804,c04d,360,2.8,2.1
2022-03-27T10:00:00,4,2.1,75,-4.2,82,733,23.4,366,d,0,881,55,1012,0,242,16,Overcast clouds,804,c04d,30,3.6,2.1
2022-03-27T11:00:00,6,4,75,-3.1,94,808,31.2,506,d,0,883,52,1012,0,335,16,Overcast clouds,804,c04d,90,4.4,2.6
2022-03-27T12:00:00,9,9,75,-3.2,101,851,37.4,612,d,0,883,42,1011,0,405,16,Overcast clouds,804,c04d,120,5.6,3.1
2022-03-27T13:00:00,9,9,100,-4.2,105,872,41.1,672,d,0,884,39,1011,0,172,16,Overcast clouds,804,c04d,130,6.4,3.6
2022-03-27T14:00:00,11,11,100,-3.1,106,875,41.7,682,d,0,883,37,1010,0,174,16,Overcast clouds,804,c04d,130,7.2,2.6
2022-03-27T15:00:00,12,12,75,-3,103,861,39.1,640,d,0,884,35,1009,0,423,16,Overcast clouds,804,c04d,140,7.2,5.1
2022-03-27T16:00:00,14,14,75,-3.3,97,827,33.8,551,d,0,883,30,1008,0,365,16,Overcast clouds,804,c04d,170,7.2,4.6
2022-03-27T17:00:00,14,14,75,-2,87,766,26.5,424,d,0,883,33,1007,0,281,16,Overcast clouds,804,c04d,140,8,5.7
2022-03-27T18:00:00,14,14,75,-3.3,72,661,18,270,d,0,883,30,1006,0,179,16,Overcast clouds,804,c04d,150,8,4.6
2022-03-27T19:00:00,13,13,75,-3.3,49,459,8.9,111,d,0,882,32,1006,0,73,16,Overcast clouds,804,c04d,140,6.4,4.6
2022-03-27T20:00:00,11,11,75,-3.1,0,0,-0.5,0,n,0,881,37,1006,0,0,16,Overcast clouds,804,c04n,130,5.6,4.1
2022-03-27T21:00:00,8,8,45,-3.2,0,0,-9.7,0,n,0,881,45,1007,0,0,16,Broken clouds,803,c03n,100,4.8,2.1
2022-03-27T22:00:00,4,-0.5,25,-3,0,0,-18.3,0,n,0,880,60,1007,0,0,16,Scattered clouds,802,c02n,360,9,6.2
2022-03-27T23:00:00,2,-3,25,-3.1,0,0,-25.8,0,n,0,878,69,1007,0,0,16,Scattered clouds,802,c02n,360,9,6.2
2022-03-28T00:00:00,0,-5.3,25,-5,0,0,-31.6,0,n,0,877,69,1007,0,0,16,Scattered clouds,802,c02n,350,5.7,5.7
2022-03-28T01:00:00,-1,-6.2,25,-3,0,0,-35,0,n,0,877,86,1007,0,0,16,Scattered clouds,802,c02n,350,6.4,5.1
2022-03-28T02:00:00,-1,-5.2,45,-3,0,0,-35.5,0,n,0,876,86,1006,0,0,16,Broken clouds,803,c03n,340,6,3.6
2022-03-28T03:00:00,-1,-5.9,75,-3,0,0,-33.1,0,n,0,876,86,1006,0,0,16,Overcast clouds,804,c04n,360,5.2,4.6
2022-03-28T04:00:00,-1,-5.2,75,-3,0,0,-28.1,0,n,0,875,86,1005,0,0,16,Overcast clouds,804,c04n,360,4.8,3.6
2022-03-28T05:00:00,-2,-6.8,45,-4,0,0,-21.2,0,n,0,875,86,1005,0,0,16,Broken clouds,803,c03n,360,4.1,4.1
2022-03-28T06:00:00,-2,-6.8,45,-4,0,0,-12.9,0,n,0,874,86,1005,0,0,16,Broken clouds,803,c03n,360,4.1,4.1
2022-03-28T07:00:00,-2,-6.8,75,-4,0,0,-3.8,0,n,0,874,86,1005,0,0,16,Overcast clouds,804,c04n,360,4.1,4.1
2022-03-28T08:00:00,-2,-6.4,75,-4,37,335,5.6,60,d,0,874,86,1006,0,40,11,Overcast clouds,804,c04d,350,4,3.6
2022-03-28T09:00:00,-2,-7.8,100,-3.1,65,606,14.9,214,d,0,875,92,1006,0,86,8,Overcast clouds,804,c04d,360,5.7,5.7
2022-03-28T10:00:00,-1,-6.8,100,-3,83,736,23.7,373,d,0,875,86,1007,0,120,10,Overcast clouds,804,c04d,350,6.2,6.2
2022-03-28T11:00:00,0,-5.3,100,-2.1,94,810,31.6,513,d,0,875,86,1007,0,145,11,Overcast clouds,804,c04d,360,6.4,5.7
2022-03-28T12:00:00,0,-6,100,-3,101,853,37.8,618,d,0,876,80,1007,0,163,11,Overcast clouds,804,c04d,10,7.2,7.2
2022-03-28T13:00:00,1,-5.1,100,-4,105,874,41.5,678,d,0,876,69,1008,0,173,13,Overcast clouds,804,c04d,10,11,8.2
2022-03-28T14:00:00,1,-5.3,100,-4,106,877,42.1,687,d,0,877,69,1008,0,175,11,Overcast clouds,804,c04d,360,11,8.8
2022-03-28T15:00:00,1,-5.1,100,-4,103,863,39.5,646,d,0,877,69,1008,0,168,14,Overcast clouds,804,c04d,10,12,8.2
2022-03-28T16:00:00,2,-4.6,100,-4.1,97,829,34.1,557,d,0,877,64,1009,0,153,11,Overcast clouds,804,c04d,360,13,10.8
2022-03-28T17:00:00,2,-4.3,100,-4.1,88,769,26.8,428,d,0,878,64,1010,0,131,13,Overcast clouds,804,c04d,10,15,9.8
2022-03-28T18:00:00,2,-4.5,75,-4.1,73,664,18.3,274,d,0,879,64,1011,0,181,11,Overcast clouds,804,c04d,10,14,10.3
2022-03-28T19:00:00,1,-5.5,75,-2.1,50,466,9.1,115,d,0,880,80,1012,0,76,11,Overcast clouds,804,c04d,10,13,9.3
2022-03-28T20:00:00,0,-6.6,75,-2.7,2,0,-0.3,0,n,0,880,82,1014,0,0,3,Overcast clouds,804,c04n,360,11,8.8
2022-03-28T21:00:00,-1,-7.1,100,-2.1,0,0,-9.5,0,n,0.25,889,92,1015,4.25,0,3,Flurries,623,s06n,360,8.8,6.7
2022-03-28T22:00:00,-1,-7.1,100,-3,0,0,-18,0,n,0.25,890,86,1016,4.25,0,14,Flurries,623,s06n,360,8.4,6.7
2022-03-28T23:00:00,-1,-6.6,100,-3,0,0,-25.5,0,n,0,882,86,1016,0,0,16,Overcast clouds,804,c04n,350,8,5.7
2022-03-29T00:00:00,-2,-6.8,75,-4,0,0,-31.2,0,n,0,883,86,1017,0,0,16,Overcast clouds,804,c04n,340,7,4.1
2022-03-29T01:00:00,-2,-6,75,-4,0,0,-34.6,0,n,0,883,86,1017,0,0,16,Overcast clouds,804,c04n,340,6.4,3.1
2022-03-29T02:00:00,-1,-5.2,45,-4,0,0,-35.1,0,n,0,883,80,1018,0,0,16,Broken clouds,803,c03n,10,5.6,3.6
2022-03-29T03:00:00,-3,-6.7,75,-5,0,0,-32.7,0,n,0,884,86,1018,0,0,16,Overcast clouds,804,c04n,350,4.4,2.6
2022-03-29T04:00:00,-4,-7.3,25,-5.1,0,0,-27.7,0,n,0,883,92,1018,0,0,16,Scattered clouds,802,c02n,350,3.2,2.1
2022-03-29T05:00:00,-5,-8.3,25,-6.1,0,0,-20.8,0,n,0,883,92,1019,0,0,16,Scattered clouds,802,c02n,330,3.2,2
2022-03-29T06:00:00,-5,-8.3,25,-6.1,0,0,-12.5,0,n,0,883,92,1020,0,0,16,Scattered clouds,802,c02n,305,3.2,2
2022-03-29T07:00:00,-6,-9.4,75,-6,0,0,-3.5,0,n,0,884,100,1020,0,0,16,Fog,741,a05n,285,2.8,2
2022-03-29T08:00:00,-5,-6.4,45,-6.1,38,350,5.9,65,d,0,883,92,1021,0,61,16,Broken clouds,803,c03d,260,2.4,1
2022-03-29T09:00:00,-2,-4.9,25,-4,66,613,15.2,220,d,0,884,86,1021,0,218,16,Scattered clouds,802,c02d,240,3.2,2.1
2022-03-29T10:00:00,0,-0.8,25,-2.1,83,740,24.1,379,d,0,886,86,1021,0,376,16,Scattered clouds,802,c02d,220,4,1
2022-03-29T11:00:00,2,-1.2,25,-3.1,95,813,32,519,d,0,887,69,1020,0,515,16,Scattered clouds,802,c02d,200,4.4,3.1
2022-03-29T12:00:00,3,1.7,25,-3.1,102,854,38.2,624,d,0,888,64,1019,0,619,16,Scattered clouds,802,c02d,220,5.6,1.5
2022-03-29T13:00:00,6,3.6,25,-2.1,106,875,41.9,684,d,0,888,56,1019,0,678,16,Scattered clouds,802,c02d,180,4,3.1
2022-03-29T14:00:00,6,4.4,25,-7.2,106,878,42.5,693,d,0,889,38,1019,0,687,16,Scattered clouds,802,c02d,140,4.4,2.1
2022-03-29T15:00:00,8,8,25,-9.4,104,864,39.8,651,d,0,889,28,1018,0,646,16,Scattered clouds,802,c02d,260,3.6,2.6
2022-03-29T16:00:00,9,9,75,-9,98,831,34.5,562,d,0,889,27,1017,0,372,16,Overcast clouds,804,c04d,200,4.8,4.1
2022-03-29T17:00:00,9,9,45,-9.9,88,771,27.1,433,d,0,888,25,1017,0,407,16,Broken clouds,803,c03d,185,5.2,1
2022-03-29T18:00:00,10,10,25,-9.1,73,668,18.6,279,d,0,888,25,1016,0,277,16,Scattered clouds,802,c02d,170,6,2.1
2022-03-29T19:00:00,9,9,25,-8.1,50,474,9.4,119,d,0,888,29,1016,0,118,16,Scattered clouds,802,c02d,180,6,4.6
2022-03-29T20:00:00,6,2.5,45,-7.2,4,4,0,1,d,0,887,38,1016,0,5,16,Broken clouds,803,c03n,170,6,5.1
2022-03-29T21:00:00,5,1.3,25,-7.1,0,0,-9.2,0,n,0,886,41,1016,0,0,16,Scattered clouds,802,c02n,180,6.4,5.1
2022-03-29T22:00:00,4,0.6,45,-6,0,0,-17.8,0,n,0,886,48,1016,0,0,16,Broken clouds,803,c03n,200,6.4,4.1
2022-03-29T23:00:00,2,-1.6,45,-6.1,0,0,-25.2,0,n,0,885,55,1015,0,0,16,Broken clouds,803,c03n,200,6,3.6
2022-03-30T00:00:00,2,-0.7,75,-7.1,0,0,-30.9,0,n,0,884,51,1014,0,0,16,Overcast clouds,804,c04n,200,5.6,2.6
2022-03-30T01:00:00,2,-0.2,45,-6.1,0,0,-34.3,0,n,0,883,55,1014,0,0,16,Broken clouds,803,c03n,170,5.2,2.1
2022-03-30T02:00:00,0,-4,45,-7.9,0,0,-34.8,0,n,0,883,55,1013,0,0,16,Broken clouds,803,c03n,180,4.4,3.6
2022-03-30T03:00:00,0,-3.6,45,-6.2,0,0,-32.3,0,n,0,882,63,1013,0,0,16,Broken clouds,803,c03n,190,3.6,3.1
2022-03-30T04:00:00,-2,-6.4,45,-7.1,0,0,-27.3,0,n,0,881,68,1012,0,0,16,Broken clouds,803,c03n,190,3.6,3.6
2022-03-30T05:00:00,-2,-6,75,-6,0,0,-20.4,0,n,0,880,74,1011,0,0,16,Overcast clouds,804,c04n,210,3.2,3.1
2022-03-30T06:00:00,-2,-4,49,-6,0,0,-12.2,0,n,0,879,74,1011,0,0,16,Broken clouds,803,c03n,220,4,1.5
2022-03-30T07:00:00,-2,-3,25,-6,0,0,-3.1,0,n,0,879,74,1010,0,0,16,Scattered clouds,802,c02n,215,4.4,1
2022-03-30T08:00:00,-2,-5.3,25,-6,40,364,6.3,70,d,0,878,74,1010,0,69,16,Scattered clouds,802,c02d,215,4.4,2.4
2022-03-30T09:00:00,3,1.7,45,-4,67,619,15.6,226,d,0,878,60,1009,0,213,16,Broken clouds,803,c03d,210,4.8,1.5
2022-03-30T10:00:00,6,3.6,75,-5,84,744,24.5,385,d,0,879,45,1009,0,255,16,Overcast clouds,804,c04d,210,5.2,3.1
2022-03-30T11:00:00,10,10,75,-5.1,95,815,32.3,525,d,0,881,34,1008,0,347,16,Overcast clouds,804,c04d,200,9,3.1
2022-03-30T12:00:00,15,15,100,-8.4,102,856,38.6,630,d,0,882,19,1006,0,165,16,Overcast clouds,804,c04d,280,9,6.7
2022-03-30T13:00:00,16,16,75,-8.3,106,877,42.3,689,d,0,883,18,1006,0,456,16,Overcast clouds,804,c04d,280,8,5.1
2022-03-30T14:00:00,15,15,75,-9.1,106,879,42.9,699,d,0,883,18,1006,0,462,16,Overcast clouds,804,c04d,290,8,5.1
2022-03-30T15:00:00,17,17,75,-8.2,104,866,40.2,656,d,0,882,17,1005,0,434,16,Overcast clouds,804,c04d,290,8,5.7
2022-03-30T16:00:00,17,17,75,-7.5,98,832,34.8,567,d,0,883,18,1004,0,375,16,Overcast clouds,804,c04d,310,8,5.1
2022-03-30T17:00:00,15,15,75,-9.1,88,773,27.4,438,d,0,882,18,1004,0,290,16,Overcast clouds,804,c04d,290,9,6.2
2022-03-30T18:00:00,14,14,75,-7.4,74,672,18.8,284,d,0,881,22,1004,0,188,16,Overcast clouds,804,c04d,300,8,5.1
2022-03-30T19:00:00,13,13,100,-6,51,481,9.6,123,d,0,880,26,1004,0,63,16,Overcast clouds,804,c04d,290,11,9.3
2022-03-30T20:00:00,9,9,75,-3.2,6,14,0.2,2,d,0,879,42,1005,0,7,11,Overcast clouds,804,c04n,290,14,8.2
2022-03-30T21:00:00,9,9,75,-4.2,0,0,-8.9,0,n,0.25,878,39,1005,0,0,11,Overcast clouds,804,c04n,310,11,8.8
2022-03-30T22:00:00,8,8,75,-1,0,0,-17.5,0,n,0.25,880,53,1006,0,0,16,Overcast clouds,804,c04n,350,12,9.3
2022-03-30T23:00:00,2,-5,75,-1.1,0,0,-24.9,0,n,0.5,880,80,1008,0,0,8,Overcast clouds,804,c04n,350,17,12.4
